code,code_nm,market,risk_prob,risk_grade,std_date
A010470,오리콤,KOSDAQ,0.9992627423245812,8,2022-09-09
A019770,서연탑메탈,KOSDAQ,0.9988887720208508,8,2022-09-09
A208140,정다운,KOSDAQ,0.9950702351382071,8,2022-09-09
A040350,큐로컴,KOSDAQ,0.9855681273613726,8,2022-09-09
A290740,액트로,KOSDAQ,0.9850361511191567,8,2022-09-09
A227610,아우딘퓨쳐스,KOSDAQ,0.9836778096771657,8,2022-09-09
A037070,파세코,KOSDAQ,0.9713842859112399,8,2022-09-09
A279600,미디어젠,KOSDAQ,0.9708118529279507,8,2022-09-09
A042110,에스씨디,KOSDAQ,0.9659387694345183,8,2022-09-09
A265560,영화테크,KOSDAQ,0.956333735293213,8,2022-09-09
A101240,씨큐브,KOSDAQ,0.9559459717023776,8,2022-09-09
A264660,씨앤지하이테크,KOSDAQ,0.9550984771917336,8,2022-09-09
A217820,엔에스,KOSDAQ,0.9418853644442847,8,2022-09-09
A306040,에스제이그룹,KOSDAQ,0.941398802658001,8,2022-09-09
A171120,라이온켐텍,KOSDAQ,0.9345689309389046,8,2022-09-09
A050110,캠시스,KOSDAQ,0.9194185690422294,8,2022-09-09
A290690,소룩스,KOSDAQ,0.9192926157934161,8,2022-09-09
A237880,클리오,KOSDAQ,0.9122091616530726,8,2022-09-09
A226340,본느,KOSDAQ,0.9095592362760799,8,2022-09-09
A065440,이루온,KOSDAQ,0.9004196368339933,8,2022-09-09
A331380,포커스에이치엔에스,KOSDAQ,0.8976710530052047,8,2022-09-09
A078860,아이오케이,KOSDAQ,0.8967354603543596,8,2022-09-09
A303030,지니틱스,KOSDAQ,0.8943997287169171,8,2022-09-09
A021880,메이슨캐피탈,KOSDAQ,0.8895364240250931,8,2022-09-09
A051490,나라엠앤디,KOSDAQ,0.8869119582508588,8,2022-09-09
A065060,지엔코,KOSDAQ,0.8850341484314072,8,2022-09-09
A016600,큐캐피탈,KOSDAQ,0.8838098105454317,8,2022-09-09
A306620,네온테크,KOSDAQ,0.8833688201646173,8,2022-09-09
A226400,오스테오닉,KOSDAQ,0.883229259106469,8,2022-09-09
A025320,시노펙스,KOSDAQ,0.8829892905522166,8,2022-09-09
A173130,오파스넷,KOSDAQ,0.869407643787845,8,2022-09-09
A032190,다우데이타,KOSDAQ,0.8687060149758633,8,2022-09-09
A065650,메디프론,KOSDAQ,0.8655398850697112,8,2022-09-09
A234100,폴라리스세원,KOSDAQ,0.859273855484833,8,2022-09-09
A084180,EV수성,KOSDAQ,0.8543619259031088,8,2022-09-09
A277880,티에스아이,KOSDAQ,0.8501701799753761,8,2022-09-09
A199820,제일전기공업,KOSDAQ,0.8487057534698282,8,2022-09-09
A352910,오비고,KOSDAQ,0.8411367390613115,8,2022-09-09
A024850,피에스엠씨,KOSDAQ,0.8405523629061856,8,2022-09-09
A061040,알에프텍,KOSDAQ,0.8346913936248729,8,2022-09-09
A217500,러셀,KOSDAQ,0.8318259593178101,8,2022-09-09
A062970,피피아이,KOSDAQ,0.8216942226979125,8,2022-09-09
A005670,푸드웰,KOSDAQ,0.8181575237526725,8,2022-09-09
A086450,동국제약,KOSDAQ,0.8154290947167677,8,2022-09-09
A225190,삼양옵틱스,KOSDAQ,0.8127201111459874,8,2022-09-09
A030190,NICE평가정보,KOSDAQ,0.811115617729067,8,2022-09-09
A068940,셀피글로벌,KOSDAQ,0.8109743757084439,8,2022-09-09
A273640,와이엠텍,KOSDAQ,0.7999614698353528,8,2022-09-09
A005710,대원산업,KOSDAQ,0.7994637806911099,8,2022-09-09
A053060,세동,KOSDAQ,0.7991754287765495,8,2022-09-09
A036620,감성코퍼레이션,KOSDAQ,0.7990452723724845,8,2022-09-09
A170030,현대공업,KOSDAQ,0.789066743588245,8,2022-09-09
A023910,대한약품,KOSDAQ,0.7878664546999314,8,2022-09-09
A069540,라이트론,KOSDAQ,0.7856757550336896,8,2022-09-09
A011080,형지I&C,KOSDAQ,0.7856618160571348,8,2022-09-09
A307930,컴퍼니케이,KOSDAQ,0.7834115652165579,8,2022-09-09
A039010,현대에이치티,KOSDAQ,0.7833938452513208,8,2022-09-09
A263800,데이타솔루션,KOSDAQ,0.7828309638543997,8,2022-09-09
A043200,파루,KOSDAQ,0.7716454856792473,8,2022-09-09
A359090,씨엔알리서치,KOSDAQ,0.7713900412549067,8,2022-09-09
A013720,CBI,KOSDAQ,0.771378227974947,8,2022-09-09
A023600,삼보판지,KOSDAQ,0.7694994665597934,8,2022-09-09
A192440,슈피겐코리아,KOSDAQ,0.766659742706902,8,2022-09-09
A033500,동성화인텍,KOSDAQ,0.7580881969485933,8,2022-09-09
A092130,이크레더블,KOSDAQ,0.7491966184985391,8,2022-09-09
A156100,엘앤케이바이오,KOSDAQ,0.7486596935468173,8,2022-09-09
A099390,브레인즈컴퍼니,KOSDAQ,0.7428185681628319,8,2022-09-09
A307870,비투엔,KOSDAQ,0.742818485987284,8,2022-09-09
A114810,한솔아이원스,KOSDAQ,0.7427784565831829,8,2022-09-09
A064090,에프앤리퍼블릭,KOSDAQ,0.7418416929980076,8,2022-09-09
A241790,오션브릿지,KOSDAQ,0.7412446865935388,8,2022-09-09
A037030,파워넷,KOSDAQ,0.7387825845996537,8,2022-09-09
A067290,JW신약,KOSDAQ,0.7361909273589736,8,2022-09-09
A041590,플래스크,KOSDAQ,0.7358668874267497,8,2022-09-09
A200130,콜마비앤에이치,KOSDAQ,0.7289869310676275,8,2022-09-09
A214430,아이쓰리시스템,KOSDAQ,0.7283326565709124,8,2022-09-09
A130580,나이스디앤비,KOSDAQ,0.7273566877107494,8,2022-09-09
A068240,다원시스,KOSDAQ,0.7236225867677291,8,2022-09-09
A175140,인포마크,KOSDAQ,0.7228129176975117,8,2022-09-09
A263690,디알젬,KOSDAQ,0.7166757883194393,8,2022-09-09
A108380,대양전기공업,KOSDAQ,0.7165789690458553,8,2022-09-09
A333430,일승,KOSDAQ,0.7161095996893767,8,2022-09-09
A182360,큐브엔터,KOSDAQ,0.7160006252310902,8,2022-09-09
A340440,세림B&G,KOSDAQ,0.7142469458105627,8,2022-09-09
A008290,원풍물산,KOSDAQ,0.7123502911467317,8,2022-09-09
A043710,서울리거,KOSDAQ,0.7060983313673145,8,2022-09-09
A310870,디와이씨,KOSDAQ,0.6999614686347695,8,2022-09-09
A168330,내츄럴엔도텍,KOSDAQ,0.699948100064916,8,2022-09-09
A049070,인탑스,KOSDAQ,0.6899811509836115,8,2022-09-09
A273060,와이즈버즈,KOSDAQ,0.6887795016539465,8,2022-09-09
A126640,화신정공,KOSDAQ,0.6853421058777135,8,2022-09-09
A058610,에스피지,KOSDAQ,0.6843789570003548,8,2022-09-09
A033320,제이씨현시스템,KOSDAQ,0.681462681299729,8,2022-09-09
A013030,하이록코리아,KOSDAQ,0.6806025083236581,8,2022-09-09
A023760,한국캐피탈,KOSDAQ,0.6798129388827091,8,2022-09-09
A276730,제주맥주,KOSDAQ,0.6769230983845712,8,2022-09-09
A305090,마이크로디지탈,KOSDAQ,0.6759276966418729,8,2022-09-09
A043340,에쎈테크,KOSDAQ,0.6725697341516004,8,2022-09-09
A308080,바이젠셀,KOSDAQ,0.6713900325706331,8,2022-09-09
A369370,블리츠웨이,KOSDAQ,0.6713900035373875,8,2022-09-09
A309930,오하임아이엔티,KOSDAQ,0.6684388597728493,8,2022-09-09
A234690,녹십자웰빙,KOSDAQ,0.6672982464834185,8,2022-09-09
A310200,애니플러스,KOSDAQ,0.6671813275293361,8,2022-09-09
A297090,씨에스베어링,KOSDAQ,0.664101534071414,8,2022-09-09
A019590,엠벤처투자,KOSDAQ,0.6590239768121148,8,2022-09-09
A053450,세코닉스,KOSDAQ,0.6571043267044799,8,2022-09-09
A000440,중앙에너비스,KOSDAQ,0.6571021623516826,8,2022-09-09
A064760,티씨케이,KOSDAQ,0.6551006287312137,8,2022-09-09
A110020,전진바이오팜,KOSDAQ,0.6512681466555442,8,2022-09-09
A093320,케이아이엔엑스,KOSDAQ,0.6502830419643455,8,2022-09-09
A376980,원티드랩,KOSDAQ,0.6428184839639935,8,2022-09-09
A195940,HK이노엔,KOSDAQ,0.6428176025959822,8,2022-09-09
A315640,딥노이드,KOSDAQ,0.6428034208033068,8,2022-09-09
A365270,큐라클,KOSDAQ,0.640567905945488,8,2022-09-09
A067900,와이엔텍,KOSDAQ,0.6401814001777218,8,2022-09-09
A321260,프로이천,KOSDAQ,0.6399510898959083,8,2022-09-09
A090710,휴림로봇,KOSDAQ,0.6351229850422657,8,2022-09-09
A270870,뉴트리,KOSDAQ,0.6331035681225357,8,2022-09-09
A104540,코렌텍,KOSDAQ,0.6321551188973863,8,2022-09-09
A060850,영림원소프트랩,KOSDAQ,0.6295635790878282,8,2022-09-09
A367000,플래티어,KOSDAQ,0.6285325363433787,8,2022-09-09
A060150,인선이엔티,KOSDAQ,0.6282733510022912,8,2022-09-09
A033830,티비씨,KOSDAQ,0.6282133152816805,8,2022-09-09
A024950,삼천리자전거,KOSDAQ,0.627934365623543,8,2022-09-09
A066790,씨씨에스,KOSDAQ,0.6259835067138866,8,2022-09-09
A089150,케이씨티,KOSDAQ,0.6241703634522277,8,2022-09-09
A071460,위니아,KOSDAQ,0.6221167297578862,8,2022-09-09
A322180,티라유텍,KOSDAQ,0.6212450848165846,8,2022-09-09
A147830,제룡산업,KOSDAQ,0.6173319090716081,8,2022-09-09
A086670,비엠티,KOSDAQ,0.6161626218494031,8,2022-09-09
A083660,CSA 코스믹,KOSDAQ,0.6143545172008055,8,2022-09-09
A377030,맥스트,KOSDAQ,0.6142462567482274,8,2022-09-09
A101160,월덱스,KOSDAQ,0.6136966477171587,8,2022-09-09
A050090,비케이홀딩스,KOSDAQ,0.6124499972688924,8,2022-09-09
A351320,에스에이티이엔지,KOSDAQ,0.6120366122211222,8,2022-09-09
A238090,앤디포스,KOSDAQ,0.6095623997665435,8,2022-09-09
A002680,한탑,KOSDAQ,0.6052883347816327,8,2022-09-09
A253590,네오셈,KOSDAQ,0.5993152018821839,8,2022-09-09
A039310,세중,KOSDAQ,0.598594458529442,8,2022-09-09
A227950,엔투텍,KOSDAQ,0.5963938986366351,8,2022-09-09
A023900,풍국주정,KOSDAQ,0.5959169458212425,8,2022-09-09
A123330,제닉,KOSDAQ,0.5913170306611174,8,2022-09-09
A353810,이지바이오,KOSDAQ,0.586496319255111,8,2022-09-09
A331920,셀레믹스,KOSDAQ,0.58343230959893,8,2022-09-09
A080470,성창오토텍,KOSDAQ,0.583224641609498,8,2022-09-09
A125210,아모그린텍,KOSDAQ,0.5826573426742884,8,2022-09-09
A046070,코다코,KOSDAQ,0.5793670208284517,8,2022-09-09
A096040,이트론,KOSDAQ,0.5778289235901818,8,2022-09-09
A130740,티피씨글로벌,KOSDAQ,0.5740412405104489,8,2022-09-09
A307750,국전약품,KOSDAQ,0.566941298330078,8,2022-09-09
A216050,인크로스,KOSDAQ,0.557412174393473,8,2022-09-09
A227100,에이치앤비디자인,KOSDAQ,0.5553687692749778,8,2022-09-09
A307280,원바이오젠,KOSDAQ,0.5536853923444135,8,2022-09-09
A059090,미코,KOSDAQ,0.5516968678569075,8,2022-09-09
A036030,케이티알파,KOSDAQ,0.5512572771467574,8,2022-09-09
A072020,중앙백신,KOSDAQ,0.5477457447095602,8,2022-09-09
A106520,노블엠앤비,KOSDAQ,0.5462491131053933,8,2022-09-09
A179900,유티아이,KOSDAQ,0.542001790590844,8,2022-09-09
A049830,승일,KOSDAQ,0.5395346505645139,8,2022-09-09
A238490,힘스,KOSDAQ,0.5335798421736757,8,2022-09-09
A007370,진양제약,KOSDAQ,0.5334450245598983,8,2022-09-09
A053030,바이넥스,KOSDAQ,0.5309908001593863,8,2022-09-09
A001840,이화공영,KOSDAQ,0.5306742546642477,8,2022-09-09
A054920,한컴위드,KOSDAQ,0.5254434615231205,8,2022-09-09
A154040,솔루에타,KOSDAQ,0.5253490201417217,8,2022-09-09
A086060,진바이오텍,KOSDAQ,0.5228205803478418,7,2022-09-09
A290520,신도기연,KOSDAQ,0.5209236976478538,7,2022-09-09
A298060,에스씨엠생명과학,KOSDAQ,0.5154116941711065,7,2022-09-09
A053290,NE능률,KOSDAQ,0.5114562887150151,7,2022-09-09
A013810,스페코,KOSDAQ,0.5073197024440812,7,2022-09-09
A018120,진로발효,KOSDAQ,0.5053424585360226,7,2022-09-09
A036930,주성엔지니어링,KOSDAQ,0.5051906537854893,7,2022-09-09
A039020,이건홀딩스,KOSDAQ,0.49842555234727015,7,2022-09-09
A054940,엑사이엔씨,KOSDAQ,0.47858689312050384,7,2022-09-09
A009520,포스코엠텍,KOSDAQ,0.4784628594909202,7,2022-09-09
A195990,에이비프로바이오,KOSDAQ,0.4749677202566825,7,2022-09-09
A037950,엘컴텍,KOSDAQ,0.4743183023336961,7,2022-09-09
A169330,엠브레인,KOSDAQ,0.47377317244411055,7,2022-09-09
A041520,이라이콤,KOSDAQ,0.4703450992391543,7,2022-09-09
A088910,동우팜투테이블,KOSDAQ,0.4639661071615305,7,2022-09-09
A215360,우리산업,KOSDAQ,0.452641836115319,7,2022-09-09
A083640,인콘,KOSDAQ,0.4474988015756033,7,2022-09-09
A131180,딜리,KOSDAQ,0.4406660798013701,7,2022-09-09
A357580,아모센스,KOSDAQ,0.43860709301407486,7,2022-09-09
A043360,디지아이,KOSDAQ,0.4381093568466328,7,2022-09-09
A008370,원풍,KOSDAQ,0.43117589305203896,7,2022-09-09
A203400,에이비온,KOSDAQ,0.42659393316273325,7,2022-09-09
A064820,케이프,KOSDAQ,0.42380206699335804,7,2022-09-09
A063080,컴투스홀딩스,KOSDAQ,0.4201829970564827,7,2022-09-09
A039740,한국정보공학,KOSDAQ,0.41613057005312554,7,2022-09-09
A251970,펌텍코리아,KOSDAQ,0.4134235723647351,7,2022-09-09
A036560,영풍정밀,KOSDAQ,0.4122410942523395,7,2022-09-09
A086820,바이오솔루션,KOSDAQ,0.41221866344959224,7,2022-09-09
A079970,투비소프트,KOSDAQ,0.4120665910423042,7,2022-09-09
A038880,아이에이,KOSDAQ,0.41140320677706016,7,2022-09-09
A040160,누리플렉스,KOSDAQ,0.4107819894339134,7,2022-09-09
A031860,엔에스엔,KOSDAQ,0.4104375510839646,7,2022-09-09
A043650,국순당,KOSDAQ,0.4101248504582479,7,2022-09-09
A054670,대한뉴팜,KOSDAQ,0.40710358285790826,7,2022-09-09
A093920,서원인텍,KOSDAQ,0.4052242763701189,7,2022-09-09
A241820,피씨엘,KOSDAQ,0.4012710281853019,7,2022-09-09
A304840,피플바이오,KOSDAQ,0.39982379912451976,7,2022-09-09
A009300,삼아제약,KOSDAQ,0.3996176233103167,7,2022-09-09
A063570,한국전자금융,KOSDAQ,0.39807200804091947,7,2022-09-09
A109820,진매트릭스,KOSDAQ,0.3963510467207683,7,2022-09-09
A072770,율호,KOSDAQ,0.39603897495530316,7,2022-09-09
A303530,이노뎁,KOSDAQ,0.3951895161060452,7,2022-09-09
A035600,KG이니시스,KOSDAQ,0.39389475022652787,7,2022-09-09
A045300,성우테크론,KOSDAQ,0.3882087454466823,7,2022-09-09
A066980,이엔코퍼레이션,KOSDAQ,0.38599327682126344,7,2022-09-09
A052020,에스티큐브,KOSDAQ,0.38558743221333175,7,2022-09-09
A115570,스타플렉스,KOSDAQ,0.3839082026860617,7,2022-09-09
A083310,엘오티베큠,KOSDAQ,0.3835604790312505,7,2022-09-09
A330350,위더스제약,KOSDAQ,0.38353024445873585,7,2022-09-09
A039440,에스티아이,KOSDAQ,0.3813624576577896,7,2022-09-09
A085910,네오티스,KOSDAQ,0.37976149762350514,7,2022-09-09
A073640,테라사이언스,KOSDAQ,0.3781759839339185,7,2022-09-09
A084990,헬릭스미스,KOSDAQ,0.3718888169917299,7,2022-09-09
A151860,KG ETS,KOSDAQ,0.3715884003162872,7,2022-09-09
A229000,젠큐릭스,KOSDAQ,0.3674806239505391,7,2022-09-09
A299660,셀리드,KOSDAQ,0.3674658589135814,7,2022-09-09
A035610,솔본,KOSDAQ,0.3664556774510434,7,2022-09-09
A263810,상신전자,KOSDAQ,0.36632531354962117,7,2022-09-09
A113810,디젠스,KOSDAQ,0.3660164429749425,7,2022-09-09
A072870,메가스터디,KOSDAQ,0.3653922681509364,7,2022-09-09
A010240,흥국,KOSDAQ,0.3593974765146117,7,2022-09-09
A038290,마크로젠,KOSDAQ,0.359190934943472,7,2022-09-09
A043100,솔고바이오,KOSDAQ,0.35766212583894674,7,2022-09-09
A323990,박셀바이오,KOSDAQ,0.3564265766678411,7,2022-09-09
A206400,베노홀딩스,KOSDAQ,0.35525752485109435,7,2022-09-09
A195500,마니커에프앤지,KOSDAQ,0.3488735113706092,7,2022-09-09
A007680,대원,KOSDAQ,0.3479662132044582,7,2022-09-09
A040300,YTN,KOSDAQ,0.34772924654120885,7,2022-09-09
A016250,SGC이테크건설,KOSDAQ,0.3450738203621044,7,2022-09-09
A044340,위닉스,KOSDAQ,0.3433783218838215,7,2022-09-09
A065510,휴비츠,KOSDAQ,0.3418479870030199,7,2022-09-09
A032960,동일기연,KOSDAQ,0.3365040084948288,7,2022-09-09
A054410,케이피티유,KOSDAQ,0.3350707952899051,7,2022-09-09
A078130,국일제지,KOSDAQ,0.33490024606026353,7,2022-09-09
A222110,팬젠,KOSDAQ,0.3340447229871981,7,2022-09-09
A222980,한국맥널티,KOSDAQ,0.33352128418714433,7,2022-09-09
A054050,농우바이오,KOSDAQ,0.33335429086837454,7,2022-09-09
A066430,와이오엠,KOSDAQ,0.3330549774813337,7,2022-09-09
A094480,갤럭시아머니트리,KOSDAQ,0.3314404160286203,7,2022-09-09
A217270,넵튠,KOSDAQ,0.3302460062237583,7,2022-09-09
A214680,디알텍,KOSDAQ,0.32680078625894154,7,2022-09-09
A250000,보라티알,KOSDAQ,0.32671658702691947,7,2022-09-09
A042600,새로닉스,KOSDAQ,0.32315954567685745,7,2022-09-09
A082270,젬백스,KOSDAQ,0.3225534714415158,7,2022-09-09
A108230,톱텍,KOSDAQ,0.3187688470070567,7,2022-09-09
A049630,재영솔루텍,KOSDAQ,0.3177286253462395,7,2022-09-09
A033310,엠투엔,KOSDAQ,0.3157067773730784,7,2022-09-09
A039420,케이엘넷,KOSDAQ,0.31225242677189513,7,2022-09-09
A037460,삼지전자,KOSDAQ,0.3120440979783345,7,2022-09-09
A032580,피델릭스,KOSDAQ,0.311371646111775,7,2022-09-09
A115310,인포바인,KOSDAQ,0.3098557729723484,7,2022-09-09
A062860,티엘아이,KOSDAQ,0.3060104294425456,7,2022-09-09
A047770,코데즈컴바인,KOSDAQ,0.30440353003858267,7,2022-09-09
A174900,앱클론,KOSDAQ,0.2994433964689196,7,2022-09-09
A187270,신화콘텍,KOSDAQ,0.2970219627426995,7,2022-09-09
A081580,성우전자,KOSDAQ,0.2944655839413905,7,2022-09-09
A006140,피제이전자,KOSDAQ,0.2943919516377808,7,2022-09-09
A001000,신라섬유,KOSDAQ,0.29379932157313376,7,2022-09-09
A035810,이지홀딩스,KOSDAQ,0.292022475601685,7,2022-09-09
A153460,네이블,KOSDAQ,0.28569607078786524,7,2022-09-09
A115440,우리넷,KOSDAQ,0.2783942427962302,7,2022-09-09
A119850,지엔씨에너지,KOSDAQ,0.27581941714524094,7,2022-09-09
A101330,모베이스,KOSDAQ,0.27262433253330254,7,2022-09-09
A204020,그리티,KOSDAQ,0.2702201468472479,7,2022-09-09
A054300,팬스타엔터프라이즈,KOSDAQ,0.2676364812311232,7,2022-09-09
A025880,케이씨피드,KOSDAQ,0.26144580741472245,7,2022-09-09
A054800,아이디스홀딩스,KOSDAQ,0.2573115007694521,7,2022-09-09
A104830,원익머트리얼즈,KOSDAQ,0.25648539639900575,7,2022-09-09
A044180,KD,KOSDAQ,0.2520787378405746,7,2022-09-09
A290380,대유,KOSDAQ,0.24975209911183047,7,2022-09-09
A097800,윈팩,KOSDAQ,0.24834115967393475,7,2022-09-09
A161570,THE MIDONG,KOSDAQ,0.24797140276512675,7,2022-09-09
A046140,SBS콘텐츠허브,KOSDAQ,0.24630264645155966,7,2022-09-09
A091580,상신이디피,KOSDAQ,0.2456899592060464,7,2022-09-09
A039560,다산네트웍스,KOSDAQ,0.24550505070999798,7,2022-09-09
A230360,에코마케팅,KOSDAQ,0.2452361832176751,7,2022-09-09
A131400,이브이첨단소재,KOSDAQ,0.24498697253231924,7,2022-09-09
A187790,나노,KOSDAQ,0.24277620769094904,7,2022-09-09
A094820,일진파워,KOSDAQ,0.24199041950318387,7,2022-09-09
A134060,이퓨쳐,KOSDAQ,0.24196572787422183,7,2022-09-09
A267980,매일유업,KOSDAQ,0.2417203061062616,7,2022-09-09
A012620,원일특강,KOSDAQ,0.24073706445035675,7,2022-09-09
A100090,삼강엠앤티,KOSDAQ,0.23948639873455577,7,2022-09-09
A033050,제이엠아이,KOSDAQ,0.23816912541494048,7,2022-09-09
A192250,케이사인,KOSDAQ,0.23788610608466115,7,2022-09-09
A126880,제이엔케이히터,KOSDAQ,0.23220020925540313,7,2022-09-09
A049080,기가레인,KOSDAQ,0.2320719721662399,7,2022-09-09
A060560,홈센타홀딩스,KOSDAQ,0.22984094605207459,7,2022-09-09
A036890,진성티이씨,KOSDAQ,0.22945591179036004,7,2022-09-09
A097870,효성오앤비,KOSDAQ,0.2292776029243941,7,2022-09-09
A252990,샘씨엔에스,KOSDAQ,0.22850549912667506,7,2022-09-09
A254120,자비스,KOSDAQ,0.22714212878261428,7,2022-09-09
A104480,티케이케미칼,KOSDAQ,0.22355248906573408,7,2022-09-09
A017250,인터엠,KOSDAQ,0.2229331928491196,7,2022-09-09
A141080,레고켐바이오,KOSDAQ,0.22206081474720993,7,2022-09-09
A122690,서진오토모티브,KOSDAQ,0.22076943714783154,7,2022-09-09
A083500,에프엔에스테크,KOSDAQ,0.2191028068585681,7,2022-09-09
A313760,윌링스,KOSDAQ,0.21837543021434497,7,2022-09-09
A056190,에스에프에이,KOSDAQ,0.21811546774187024,7,2022-09-09
A003310,대주산업,KOSDAQ,0.21757783771227462,7,2022-09-09
A340360,다보링크,KOSDAQ,0.21658546311180946,7,2022-09-09
A184230,SGA솔루션즈,KOSDAQ,0.21521242604745877,7,2022-09-09
A038060,루멘스,KOSDAQ,0.21275239152086897,7,2022-09-09
A224110,에이텍티앤,KOSDAQ,0.21268398500720917,7,2022-09-09
A129890,앱코,KOSDAQ,0.2126774024452041,7,2022-09-09
A272110,케이엔제이,KOSDAQ,0.20831991687323734,7,2022-09-09
A066620,국보디자인,KOSDAQ,0.20625056693203075,7,2022-09-09
A050960,수산아이앤티,KOSDAQ,0.20546349467427052,7,2022-09-09
A138080,오이솔루션,KOSDAQ,0.20438145262796897,7,2022-09-09
A073110,엘엠에스,KOSDAQ,0.20328371552413915,7,2022-09-09
A008830,대동기어,KOSDAQ,0.20309987742989025,7,2022-09-09
A095610,테스,KOSDAQ,0.1988739650773939,7,2022-09-09
A277070,린드먼아시아,KOSDAQ,0.1949661329785511,7,2022-09-09
A024060,흥구석유,KOSDAQ,0.1931976855093527,7,2022-09-09
A014190,원익큐브,KOSDAQ,0.1922149838931794,7,2022-09-09
A045100,한양이엔지,KOSDAQ,0.19213337478201128,7,2022-09-09
A024810,이화전기,KOSDAQ,0.1916513944614659,7,2022-09-09
A064480,브리지텍,KOSDAQ,0.19074885670744676,7,2022-09-09
A115480,씨유메디칼,KOSDAQ,0.19033908576876213,7,2022-09-09
A056700,신화인터텍,KOSDAQ,0.18965843991450934,7,2022-09-09
A293580,나우IB,KOSDAQ,0.1886629934260861,7,2022-09-09
A267790,배럴,KOSDAQ,0.18598003951817432,7,2022-09-09
A073010,케이에스피,KOSDAQ,0.18334451000853827,7,2022-09-09
A099220,SDN,KOSDAQ,0.183274335153664,7,2022-09-09
A045660,에이텍,KOSDAQ,0.1830215741428237,7,2022-09-09
A043910,자연과환경,KOSDAQ,0.18010613422716423,6,2022-09-09
A019550,SBI인베스트먼트,KOSDAQ,0.17678995258959043,6,2022-09-09
A222420,쎄노텍,KOSDAQ,0.17574122873070339,6,2022-09-09
A285490,노바텍,KOSDAQ,0.17453221346535305,6,2022-09-09
A268600,셀리버리,KOSDAQ,0.17255110789566017,6,2022-09-09
A101490,에스앤에스텍,KOSDAQ,0.1723936805039054,6,2022-09-09
A124500,아이티센,KOSDAQ,0.17079884996144432,6,2022-09-09
A238120,얼라인드,KOSDAQ,0.170683949158203,6,2022-09-09
A054040,한국컴퓨터,KOSDAQ,0.17028505518890344,6,2022-09-09
A149980,하이로닉,KOSDAQ,0.16897869208285418,6,2022-09-09
A052900,KX하이텍,KOSDAQ,0.16355055764547674,6,2022-09-09
A171010,램테크놀러지,KOSDAQ,0.1631444842524455,6,2022-09-09
A237750,피앤씨테크,KOSDAQ,0.16286772221232435,6,2022-09-09
A030530,원익홀딩스,KOSDAQ,0.16174857968093978,6,2022-09-09
A357780,솔브레인,KOSDAQ,0.16143613389556025,6,2022-09-09
A092600,앤씨앤,KOSDAQ,0.16086327177657855,6,2022-09-09
A095270,웨이브일렉트로,KOSDAQ,0.16081803129677258,6,2022-09-09
A005990,매일홀딩스,KOSDAQ,0.16080605781269644,6,2022-09-09
A075970,동국알앤에스,KOSDAQ,0.15842960531962388,6,2022-09-09
A037350,성도이엔지,KOSDAQ,0.15522513613056188,6,2022-09-09
A136480,하림,KOSDAQ,0.15421582458732871,6,2022-09-09
A099440,스맥,KOSDAQ,0.15378598351857134,6,2022-09-09
A194700,노바렉스,KOSDAQ,0.15356503545633646,6,2022-09-09
A065450,빅텍,KOSDAQ,0.15355894875560222,6,2022-09-09
A058820,CMG제약,KOSDAQ,0.15283596406360347,6,2022-09-09
A106240,파인테크닉스,KOSDAQ,0.15271137966374543,6,2022-09-09
A033540,파라텍,KOSDAQ,0.15253655847899825,6,2022-09-09
A014970,삼륭물산,KOSDAQ,0.14963995256219786,6,2022-09-09
A009780,엠에스씨,KOSDAQ,0.14829577799537855,6,2022-09-09
A235980,메드팩토,KOSDAQ,0.14651537532467152,6,2022-09-09
A052600,한네트,KOSDAQ,0.14651408147440045,6,2022-09-09
A006920,모헨즈,KOSDAQ,0.14647873008632134,6,2022-09-09
A095190,이엠코리아,KOSDAQ,0.1464697202453439,6,2022-09-09
A203690,프로스테믹스,KOSDAQ,0.14604208961231338,6,2022-09-09
A050890,쏠리드,KOSDAQ,0.14584269739195735,6,2022-09-09
A115610,이미지스,KOSDAQ,0.1457159582745233,6,2022-09-09
A094970,제이엠티,KOSDAQ,0.14519109896047613,6,2022-09-09
A177830,파버나인,KOSDAQ,0.14466193501459818,6,2022-09-09
A083650,비에이치아이,KOSDAQ,0.14466187968076297,6,2022-09-09
A357550,석경에이티,KOSDAQ,0.14458593718461343,6,2022-09-09
A029960,코엔텍,KOSDAQ,0.14326493410514704,6,2022-09-09
A007770,한일화학,KOSDAQ,0.1427111581942804,6,2022-09-09
A007390,네이처셀,KOSDAQ,0.14119613083489194,6,2022-09-09
A101170,우림피티에스,KOSDAQ,0.14086176081230806,6,2022-09-09
A027360,아주IB투자,KOSDAQ,0.14072474009729866,6,2022-09-09
A020710,시공테크,KOSDAQ,0.14070949925881107,6,2022-09-09
A131290,티에스이,KOSDAQ,0.13850930241123385,6,2022-09-09
A189690,포시에스,KOSDAQ,0.13753826702606037,6,2022-09-09
A046890,서울반도체,KOSDAQ,0.13723122946595298,6,2022-09-09
A297890,HB솔루션,KOSDAQ,0.1364761492697532,6,2022-09-09
A036200,유니셈,KOSDAQ,0.13636466572562725,6,2022-09-09
A163730,핑거,KOSDAQ,0.13540696870458072,6,2022-09-09
A063440,SM Life Design,KOSDAQ,0.1353010742475827,6,2022-09-09
A060720,KH바텍,KOSDAQ,0.13516501136649567,6,2022-09-09
A037400,우리엔터프라이즈,KOSDAQ,0.13509182747114792,6,2022-09-09
A049430,코메론,KOSDAQ,0.1347294795645043,6,2022-09-09
A038870,에코바이오,KOSDAQ,0.1334014779983359,6,2022-09-09
A087010,펩트론,KOSDAQ,0.13289335441318584,6,2022-09-09
A056090,이노시스,KOSDAQ,0.13263393003712418,6,2022-09-09
A014470,부방,KOSDAQ,0.13254198142743587,6,2022-09-09
A256630,포인트엔지니어링,KOSDAQ,0.13090154011121585,6,2022-09-09
A006050,국영지앤엠,KOSDAQ,0.12934295734912207,6,2022-09-09
A048830,엔피케이,KOSDAQ,0.128178177198392,6,2022-09-09
A011320,유니크,KOSDAQ,0.12799318507267818,6,2022-09-09
A179290,엠아이텍,KOSDAQ,0.12712189046888817,6,2022-09-09
A079940,가비아,KOSDAQ,0.1239400409727492,6,2022-09-09
A123570,이엠넷,KOSDAQ,0.12259317543849405,6,2022-09-09
A015710,코콤,KOSDAQ,0.12091669916774042,6,2022-09-09
A347700,라이프시맨틱스,KOSDAQ,0.12084305787270389,6,2022-09-09
A039830,오로라,KOSDAQ,0.12006942083071569,6,2022-09-09
A014620,성광벤드,KOSDAQ,0.11979194138088418,6,2022-09-09
A066910,손오공,KOSDAQ,0.11932532949364856,6,2022-09-09
A098660,에스티오,KOSDAQ,0.11841986492468762,6,2022-09-09
A197140,디지캡,KOSDAQ,0.1182704602396385,6,2022-09-09
A208370,셀바스헬스케어,KOSDAQ,0.11822857750579294,6,2022-09-09
A051360,토비스,KOSDAQ,0.11779076515518426,6,2022-09-09
A096870,엘디티,KOSDAQ,0.11508718752920262,6,2022-09-09
A183300,코미코,KOSDAQ,0.11472368180440835,6,2022-09-09
A332370,아이디피,KOSDAQ,0.11463915983997351,6,2022-09-09
A048410,현대바이오,KOSDAQ,0.11372671807175909,6,2022-09-09
A312610,에이에프더블류,KOSDAQ,0.11328885104429642,6,2022-09-09
A090470,제이스텍,KOSDAQ,0.11323489593674431,6,2022-09-09
A036480,대성미생물,KOSDAQ,0.11317197051916715,6,2022-09-09
A080530,코디,KOSDAQ,0.11311733386445717,6,2022-09-09
A265520,AP시스템,KOSDAQ,0.11306184563491227,6,2022-09-09
A024880,케이피에프,KOSDAQ,0.11266529501617052,6,2022-09-09
A153490,우리이앤엘,KOSDAQ,0.11250538904430517,6,2022-09-09
A024840,KBI메탈,KOSDAQ,0.11223071359773104,6,2022-09-09
A036830,솔브레인홀딩스,KOSDAQ,0.11218641121200489,6,2022-09-09
A025980,아난티,KOSDAQ,0.11080512244163723,6,2022-09-09
A037370,EG,KOSDAQ,0.1107993459375818,6,2022-09-09
A095660,네오위즈,KOSDAQ,0.1106477173303794,6,2022-09-09
A084850,아이티엠반도체,KOSDAQ,0.11025902382839849,6,2022-09-09
A119830,아이텍,KOSDAQ,0.11015698164985022,6,2022-09-09
A170920,엘티씨,KOSDAQ,0.1083790240191502,6,2022-09-09
A014200,광림,KOSDAQ,0.10826689647313946,6,2022-09-09
A060240,룽투코리아,KOSDAQ,0.10736804735580195,6,2022-09-09
A043220,티에스넥스젠,KOSDAQ,0.10733818307818078,6,2022-09-09
A041930,동아화성,KOSDAQ,0.10709908566308203,6,2022-09-09
A093640,다믈멀티미디어,KOSDAQ,0.10677447645409531,6,2022-09-09
A104460,디와이피엔에프,KOSDAQ,0.10659173160447723,6,2022-09-09
A317850,대모,KOSDAQ,0.10612529137072414,6,2022-09-09
A026040,제이에스티나,KOSDAQ,0.10602106558626868,6,2022-09-09
A050860,아세아텍,KOSDAQ,0.10474601826528894,6,2022-09-09
A017510,세명전기,KOSDAQ,0.10469735138107525,6,2022-09-09
A022100,포스코 ICT,KOSDAQ,0.1046037704515238,6,2022-09-09
A080010,이상네트웍스,KOSDAQ,0.10448619548651428,6,2022-09-09
A057540,옴니시스템,KOSDAQ,0.10438656160341807,6,2022-09-09
A071670,에이테크솔루션,KOSDAQ,0.10418153362094289,6,2022-09-09
A054930,유신,KOSDAQ,0.10378011803979685,6,2022-09-09
A061250,화일약품,KOSDAQ,0.10361201117638105,6,2022-09-09
A320000,윈텍,KOSDAQ,0.10312191363362824,6,2022-09-09
A127120,디엔에이링크,KOSDAQ,0.1025611714231038,6,2022-09-09
A060280,큐렉소,KOSDAQ,0.10241077913852605,6,2022-09-09
A183490,엔지켐생명과학,KOSDAQ,0.10042373277917738,6,2022-09-09
A263050,유틸렉스,KOSDAQ,0.1003245229773424,6,2022-09-09
A067630,HLB생명과학,KOSDAQ,0.10022830911329317,6,2022-09-09
A131090,시큐브,KOSDAQ,0.09964847137652817,6,2022-09-09
A140520,대창스틸,KOSDAQ,0.09952687039733389,6,2022-09-09
A069140,누리플랜,KOSDAQ,0.09857221320918855,6,2022-09-09
A330860,네패스아크,KOSDAQ,0.09847237807307774,6,2022-09-09
A031510,오스템,KOSDAQ,0.09809513064565738,6,2022-09-09
A294090,이오플로우,KOSDAQ,0.09790377833783258,6,2022-09-09
A086040,바이오톡스텍,KOSDAQ,0.09770334889661433,6,2022-09-09
A095910,에스에너지,KOSDAQ,0.0965534953317605,6,2022-09-09
A013310,아진산업,KOSDAQ,0.09600200693746377,6,2022-09-09
A080420,모다이노칩,KOSDAQ,0.09549581351630754,6,2022-09-09
A230980,에이트원,KOSDAQ,0.09487601316014478,6,2022-09-09
A048470,대동스틸,KOSDAQ,0.09350155977490139,6,2022-09-09
A205500,액션스퀘어,KOSDAQ,0.09257419474559295,6,2022-09-09
A043090,한창바이오텍,KOSDAQ,0.09242248162973465,6,2022-09-09
A087600,픽셀플러스,KOSDAQ,0.0918317178486521,6,2022-09-09
A119500,포메탈,KOSDAQ,0.09135117001944762,6,2022-09-09
A123410,코리아에프티,KOSDAQ,0.09038891782068247,6,2022-09-09
A087260,모바일어플라이언스,KOSDAQ,0.09026277309024458,6,2022-09-09
A011560,세보엠이씨,KOSDAQ,0.08988295177834511,6,2022-09-09
A036800,나이스정보통신,KOSDAQ,0.08981660115164193,6,2022-09-09
A048430,유라테크,KOSDAQ,0.08966916851063493,6,2022-09-09
A067000,조이시티,KOSDAQ,0.08792934628859934,6,2022-09-09
A073560,우리손에프앤지,KOSDAQ,0.08761767548600838,6,2022-09-09
A058110,멕아이씨에스,KOSDAQ,0.08670026315914688,6,2022-09-09
A182400,엔케이맥스,KOSDAQ,0.08648281491504059,6,2022-09-09
A098460,고영,KOSDAQ,0.08604142294176602,6,2022-09-09
A260970,에스앤디,KOSDAQ,0.08600326358815799,6,2022-09-09
A025870,신라에스지,KOSDAQ,0.08555554908969909,6,2022-09-09
A131390,원익피앤이,KOSDAQ,0.08550978519616279,6,2022-09-09
A352940,인바이오,KOSDAQ,0.08545738762432305,6,2022-09-09
A020400,대동금속,KOSDAQ,0.08523602860846662,6,2022-09-09
A143540,영우디에스피,KOSDAQ,0.08499551363262794,6,2022-09-09
A220100,퓨쳐켐,KOSDAQ,0.08480660818333452,6,2022-09-09
A109960,에이프로젠 H&G,KOSDAQ,0.08420800687030801,6,2022-09-09
A317770,슈프리마아이디,KOSDAQ,0.08401333293435607,6,2022-09-09
A109610,에스와이,KOSDAQ,0.08371524342811547,6,2022-09-09
A298380,에이비엘바이오,KOSDAQ,0.08368315061600842,6,2022-09-09
A211270,AP위성,KOSDAQ,0.08362913051006614,6,2022-09-09
A191410,육일씨엔에쓰,KOSDAQ,0.0834641956992448,6,2022-09-09
A069330,유아이디,KOSDAQ,0.08300614149277144,6,2022-09-09
A071280,로체시스템즈,KOSDAQ,0.0826649569079678,6,2022-09-09
A348350,위드텍,KOSDAQ,0.08169434930157449,6,2022-09-09
A051390,YW,KOSDAQ,0.08145896849850623,6,2022-09-09
A220180,핸디소프트,KOSDAQ,0.08121409538371147,6,2022-09-09
A004780,대륙제관,KOSDAQ,0.08104259295725902,6,2022-09-09
A056360,코위버,KOSDAQ,0.08027811466619447,6,2022-09-09
A093190,빅솔론,KOSDAQ,0.08018790245042769,6,2022-09-09
A101670,코리아에스이,KOSDAQ,0.08018309016492584,6,2022-09-09
A089790,제이티,KOSDAQ,0.07985454783392698,5,2022-09-09
A218150,미래생명자원,KOSDAQ,0.07968117703013634,5,2022-09-09
A015750,성우하이텍,KOSDAQ,0.07948297135069841,5,2022-09-09
A006730,서부T&D,KOSDAQ,0.07892829901398109,5,2022-09-09
A033640,네패스,KOSDAQ,0.07794052409193268,5,2022-09-09
A093520,매커스,KOSDAQ,0.0779022536333375,5,2022-09-09
A131760,파인텍,KOSDAQ,0.07774664552218327,5,2022-09-09
A090360,로보스타,KOSDAQ,0.07773361913246347,5,2022-09-09
A043260,성호전자,KOSDAQ,0.07716059083648938,5,2022-09-09
A164060,이루다,KOSDAQ,0.07706745811997763,5,2022-09-09
A100030,모바일리더,KOSDAQ,0.0757517682777846,5,2022-09-09
A250060,모비스,KOSDAQ,0.07569568881822107,5,2022-09-09
A053620,태양,KOSDAQ,0.07566694443643786,5,2022-09-09
A037760,쎄니트,KOSDAQ,0.07538561890157772,5,2022-09-09
A034230,파라다이스,KOSDAQ,0.07512271747419394,5,2022-09-09
A263020,디케이앤디,KOSDAQ,0.07495048148524089,5,2022-09-09
A086390,유니테스트,KOSDAQ,0.07480597314161078,5,2022-09-09
A066310,큐에스아이,KOSDAQ,0.07454118809997841,5,2022-09-09
A091440,텔레필드,KOSDAQ,0.07439045972054913,5,2022-09-09
A219130,타이거일렉,KOSDAQ,0.07431382882233795,5,2022-09-09
A054210,이랜텍,KOSDAQ,0.07400431244588886,5,2022-09-09
A053160,프리엠스,KOSDAQ,0.07331240203071761,5,2022-09-09
A085370,루트로닉,KOSDAQ,0.07311998708953359,5,2022-09-09
A200230,텔콘RF제약,KOSDAQ,0.07284603322772933,5,2022-09-09
A053050,지에스이,KOSDAQ,0.07272824792989145,5,2022-09-09
A338220,뷰노,KOSDAQ,0.0726944149852599,5,2022-09-09
A057680,티사이언티픽,KOSDAQ,0.0719450669481186,5,2022-09-09
A340930,유일에너테크,KOSDAQ,0.07192535378470462,5,2022-09-09
A263860,지니언스,KOSDAQ,0.0716651090404737,5,2022-09-09
A204620,글로벌텍스프리,KOSDAQ,0.07100439808684088,5,2022-09-09
A205100,엑셈,KOSDAQ,0.07093777898203335,5,2022-09-09
A039610,화성밸브,KOSDAQ,0.07080795135953363,5,2022-09-09
A218410,RFHIC,KOSDAQ,0.070686748369749,5,2022-09-09
A270520,지엔원에너지,KOSDAQ,0.06993847089700861,5,2022-09-09
A253450,스튜디오드래곤,KOSDAQ,0.06966906258551904,5,2022-09-09
A027710,팜스토리,KOSDAQ,0.06928935769334853,5,2022-09-09
A067310,하나마이크론,KOSDAQ,0.06923805688223292,5,2022-09-09
A318410,비비씨,KOSDAQ,0.06913304735357707,5,2022-09-09
A327260,RF머트리얼즈,KOSDAQ,0.06848804340944133,5,2022-09-09
A051780,큐로홀딩스,KOSDAQ,0.06848438562197258,5,2022-09-09
A277810,레인보우로보틱스,KOSDAQ,0.06822960095612565,5,2022-09-09
A063170,서울옥션,KOSDAQ,0.06712238601511503,5,2022-09-09
A019990,에너토크,KOSDAQ,0.065809975128956,5,2022-09-09
A051370,인터플렉스,KOSDAQ,0.06573035306990094,5,2022-09-09
A079170,한창산업,KOSDAQ,0.06461125016152991,5,2022-09-09
A082800,비보존 헬스케어,KOSDAQ,0.0645098353845477,5,2022-09-09
A086900,메디톡스,KOSDAQ,0.06444057691970001,5,2022-09-09
A126700,하이비젼시스템,KOSDAQ,0.06407372271765933,5,2022-09-09
A290120,대유에이피,KOSDAQ,0.06390252197873787,5,2022-09-09
A018620,우진비앤지,KOSDAQ,0.0634481590736587,5,2022-09-09
A045340,토탈소프트,KOSDAQ,0.06285427048848313,5,2022-09-09
A094840,슈프리마에이치큐,KOSDAQ,0.06236165710934793,5,2022-09-09
A100120,뷰웍스,KOSDAQ,0.06213565782930939,5,2022-09-09
A041510,에스엠,KOSDAQ,0.06201289166558077,5,2022-09-09
A032540,TJ미디어,KOSDAQ,0.06179286378503008,5,2022-09-09
A259630,엠플러스,KOSDAQ,0.06150298631532523,5,2022-09-09
A078350,한양디지텍,KOSDAQ,0.061437033917032605,5,2022-09-09
A032820,우리기술,KOSDAQ,0.061142409801445786,5,2022-09-09
A214180,헥토이노베이션,KOSDAQ,0.06113061636706197,5,2022-09-09
A008470,부스타,KOSDAQ,0.06107946590893313,5,2022-09-09
A140860,파크시스템스,KOSDAQ,0.06100627546226102,5,2022-09-09
A196490,디에이테크놀로지,KOSDAQ,0.06091453614967801,5,2022-09-09
A040420,정상제이엘에스,KOSDAQ,0.060851955606333996,5,2022-09-09
A308100,까스텔바작,KOSDAQ,0.06078543544877243,5,2022-09-09
A319660,피에스케이,KOSDAQ,0.06068168821093744,5,2022-09-09
A086890,이수앱지스,KOSDAQ,0.06046731503519739,5,2022-09-09
A131220,대한과학,KOSDAQ,0.060273954395785166,5,2022-09-09
A243840,신흥에스이씨,KOSDAQ,0.05999994129062815,5,2022-09-09
A048910,대원미디어,KOSDAQ,0.05998893108183503,5,2022-09-09
A353190,휴럼,KOSDAQ,0.059905379537592694,5,2022-09-09
A007530,영신금속,KOSDAQ,0.0597647449745159,5,2022-09-09
A018000,유니슨,KOSDAQ,0.059638616298518556,5,2022-09-09
A043150,바텍,KOSDAQ,0.05953899649874205,5,2022-09-09
A173940,에프엔씨엔터,KOSDAQ,0.05829744031628843,5,2022-09-09
A082660,코스나인,KOSDAQ,0.05823668315584123,5,2022-09-09
A085660,차바이오텍,KOSDAQ,0.057943386356601456,5,2022-09-09
A143160,아이디스,KOSDAQ,0.05794184621513305,5,2022-09-09
A049520,유아이엘,KOSDAQ,0.057926338213288235,5,2022-09-09
A020180,대신정보통신,KOSDAQ,0.05787999978752296,5,2022-09-09
A101930,인화정공,KOSDAQ,0.0575780470260061,5,2022-09-09
A208340,파멥신,KOSDAQ,0.05739157210660395,5,2022-09-09
A037230,한국팩키지,KOSDAQ,0.057388523366616706,5,2022-09-09
A080520,오디텍,KOSDAQ,0.05724729028059245,5,2022-09-09
A060370,KT서브마린,KOSDAQ,0.057168410849891195,5,2022-09-09
A060380,동양에스텍,KOSDAQ,0.056821007272333926,5,2022-09-09
A282880,코윈테크,KOSDAQ,0.056674528632944955,5,2022-09-09
A069080,웹젠,KOSDAQ,0.056233862764927124,5,2022-09-09
A160980,싸이맥스,KOSDAQ,0.05616786003422334,5,2022-09-09
A022220,TKG애강,KOSDAQ,0.056101750661078746,5,2022-09-09
A053260,금강철강,KOSDAQ,0.05603064295049439,5,2022-09-09
A138610,나이벡,KOSDAQ,0.05469642558035116,5,2022-09-09
A032940,원익,KOSDAQ,0.05460414049518437,5,2022-09-09
A317830,에스피시스템스,KOSDAQ,0.05432580255695901,5,2022-09-09
A088800,에이스테크,KOSDAQ,0.054281578909370354,5,2022-09-09
A036170,클라우드에어,KOSDAQ,0.0537261117367749,5,2022-09-09
A004650,창해에탄올,KOSDAQ,0.05296602790093389,5,2022-09-09
A314930,바이오다인,KOSDAQ,0.05294640081671798,5,2022-09-09
A178320,서진시스템,KOSDAQ,0.05218531908633755,5,2022-09-09
A203450,유니온커뮤니티,KOSDAQ,0.052058918168631,5,2022-09-09
A000250,삼천당제약,KOSDAQ,0.05173904557432947,5,2022-09-09
A054540,삼영엠텍,KOSDAQ,0.05092124027926761,5,2022-09-09
A060260,뉴보텍,KOSDAQ,0.050903329231219915,5,2022-09-09
A073540,에프알텍,KOSDAQ,0.050003385498497206,5,2022-09-09
A024800,유성티엔에스,KOSDAQ,0.0499427395249785,5,2022-09-09
A023160,태광,KOSDAQ,0.04968423620240912,5,2022-09-09
A045520,크린앤사이언스,KOSDAQ,0.04967891370869242,5,2022-09-09
A046390,삼화네트웍스,KOSDAQ,0.049005706395645145,5,2022-09-09
A293780,압타바이오,KOSDAQ,0.04900383579088717,5,2022-09-09
A069920,아이에스이커머스,KOSDAQ,0.04893172292018352,5,2022-09-09
A033200,모아텍,KOSDAQ,0.04830508133892909,5,2022-09-09
A083930,아바코,KOSDAQ,0.04827278240146502,5,2022-09-09
A033100,제룡전기,KOSDAQ,0.048202058321223186,5,2022-09-09
A288330,브릿지바이오테라퓨틱스,KOSDAQ,0.04793594073003312,5,2022-09-09
A068790,DMS,KOSDAQ,0.04773782444429537,5,2022-09-09
A078160,메디포스트,KOSDAQ,0.04750140610572146,5,2022-09-09
A042500,링네트,KOSDAQ,0.04735268496528889,5,2022-09-09
A119610,인터로조,KOSDAQ,0.047003424873844464,5,2022-09-09
A036120,SCI평가정보,KOSDAQ,0.046969647120869595,5,2022-09-09
A214260,라파스,KOSDAQ,0.04685695601428125,5,2022-09-09
A290510,코리아센터,KOSDAQ,0.04682490625787078,5,2022-09-09
A060540,에스에이티,KOSDAQ,0.046629096290153875,5,2022-09-09
A065950,웰크론,KOSDAQ,0.0465440484637924,5,2022-09-09
A058970,엠로,KOSDAQ,0.04648564233198812,5,2022-09-09
A158430,아톤,KOSDAQ,0.04602607939896108,5,2022-09-09
A061970,엘비세미콘,KOSDAQ,0.046003232650109485,5,2022-09-09
A058470,리노공업,KOSDAQ,0.04562585536094992,5,2022-09-09
A321550,티움바이오,KOSDAQ,0.04553148727586276,5,2022-09-09
A112040,위메이드,KOSDAQ,0.045507739544085934,5,2022-09-09
A095340,ISC,KOSDAQ,0.045482388772589984,5,2022-09-09
A088130,동아엘텍,KOSDAQ,0.045480922614472216,5,2022-09-09
A252500,세화피앤씨,KOSDAQ,0.045417754272453155,5,2022-09-09
A105330,케이엔더블유,KOSDAQ,0.04484638069269533,5,2022-09-09
A264850,이랜시스,KOSDAQ,0.04464433245330811,5,2022-09-09
A274090,켄코아에어로스페이스,KOSDAQ,0.04459586941722708,5,2022-09-09
A222800,심텍,KOSDAQ,0.04441398485799946,5,2022-09-09
A045390,대아티아이,KOSDAQ,0.0443738497921217,5,2022-09-09
A171090,선익시스템,KOSDAQ,0.04419034804660688,5,2022-09-09
A281740,레이크머티리얼즈,KOSDAQ,0.044142732801464676,5,2022-09-09
A138070,신진에스엠,KOSDAQ,0.04411195151160837,5,2022-09-09
A059210,메타바이오메드,KOSDAQ,0.04380529789713839,5,2022-09-09
A093380,풍강,KOSDAQ,0.043712946396487644,5,2022-09-09
A010170,대한광통신,KOSDAQ,0.043277989720062596,5,2022-09-09
A194480,데브시스터즈,KOSDAQ,0.0430951659293098,5,2022-09-09
A238200,비피도,KOSDAQ,0.04223334975428309,5,2022-09-09
A265740,엔에프씨,KOSDAQ,0.04220565386406676,5,2022-09-09
A351330,이삭엔지니어링,KOSDAQ,0.0421907535964658,5,2022-09-09
A060480,국일신동,KOSDAQ,0.04213186336604819,5,2022-09-09
A102710,이엔에프테크놀로지,KOSDAQ,0.04204560740218984,5,2022-09-09
A240810,원익IPS,KOSDAQ,0.04111761032908392,5,2022-09-09
A088290,이원컴포텍,KOSDAQ,0.04088315839572782,5,2022-09-09
A256150,한독크린텍,KOSDAQ,0.04081340000811646,5,2022-09-09
A131970,두산테스나,KOSDAQ,0.04067048411746566,5,2022-09-09
A089970,에이피티씨,KOSDAQ,0.04026081671347564,5,2022-09-09
A200350,래몽래인,KOSDAQ,0.0400571488304027,5,2022-09-09
A085670,뉴프렉스,KOSDAQ,0.04002908834269181,5,2022-09-09
A046110,한일네트웍스,KOSDAQ,0.039962872616481016,5,2022-09-09
A091590,남화토건,KOSDAQ,0.03967517367368303,5,2022-09-09
A051500,CJ프레시웨이,KOSDAQ,0.0396019380162135,5,2022-09-09
A036810,에프에스티,KOSDAQ,0.03959362609250277,5,2022-09-09
A024740,한일단조,KOSDAQ,0.039266100440376664,5,2022-09-09
A239890,피엔에이치테크,KOSDAQ,0.03883905875089982,5,2022-09-09
A136540,윈스,KOSDAQ,0.038785681345270655,5,2022-09-09
A187420,제노포커스,KOSDAQ,0.03862240751884178,5,2022-09-09
A079370,제우스,KOSDAQ,0.037670887013037446,5,2022-09-09
A348210,넥스틴,KOSDAQ,0.03762754926897825,4,2022-09-09
A060590,씨티씨바이오,KOSDAQ,0.03742293338315358,4,2022-09-09
A063760,이엘피,KOSDAQ,0.03727272786247655,4,2022-09-09
A019010,베뉴지,KOSDAQ,0.03718867187775303,4,2022-09-09
A317530,캐리소프트,KOSDAQ,0.03629126504744764,4,2022-09-09
A064240,홈캐스트,KOSDAQ,0.036038360869145865,4,2022-09-09
A082920,비츠로셀,KOSDAQ,0.03597496045156444,4,2022-09-09
A101360,이엔드디,KOSDAQ,0.03595770846372238,4,2022-09-09
A067990,도이치모터스,KOSDAQ,0.03580981043862934,4,2022-09-09
A052330,코텍,KOSDAQ,0.0354638287087205,4,2022-09-09
A222080,씨아이에스,KOSDAQ,0.03540171835062987,4,2022-09-09
A023770,플레이위드,KOSDAQ,0.03528764007192366,4,2022-09-09
A110990,디아이티,KOSDAQ,0.03477555236419932,4,2022-09-09
A048530,인트론바이오,KOSDAQ,0.034669928741901994,4,2022-09-09
A078070,유비쿼스홀딩스,KOSDAQ,0.034643518184933234,4,2022-09-09
A314130,지놈앤컴퍼니,KOSDAQ,0.034521372593021404,4,2022-09-09
A141000,비아트론,KOSDAQ,0.03431889157440262,4,2022-09-09
A111710,남화산업,KOSDAQ,0.03427837417746552,4,2022-09-09
A046310,백금T&A,KOSDAQ,0.03424977041923489,4,2022-09-09
A073490,이노와이어리스,KOSDAQ,0.034083218870678215,4,2022-09-09
A335890,비올,KOSDAQ,0.033991500899669166,4,2022-09-09
A054090,삼진엘앤디,KOSDAQ,0.03390116426755813,4,2022-09-09
A038390,레드캡투어,KOSDAQ,0.033836986107587806,4,2022-09-09
A052790,액토즈소프트,KOSDAQ,0.03382517975712667,4,2022-09-09
A044060,조광ILI,KOSDAQ,0.033729933212090765,4,2022-09-09
A288620,에스퓨얼셀,KOSDAQ,0.033677507305389924,4,2022-09-09
A122990,와이솔,KOSDAQ,0.03363934725181095,4,2022-09-09
A246690,TS인베스트먼트,KOSDAQ,0.0334158283258661,4,2022-09-09
A100700,세운메디칼,KOSDAQ,0.03311589432689015,4,2022-09-09
A004590,한국가구,KOSDAQ,0.033098969430359844,4,2022-09-09
A058630,엠게임,KOSDAQ,0.03304160025713957,4,2022-09-09
A206650,유바이오로직스,KOSDAQ,0.03286033159223978,4,2022-09-09
A089010,켐트로닉스,KOSDAQ,0.03285407463040786,4,2022-09-09
A217730,강스템바이오텍,KOSDAQ,0.032772672124873364,4,2022-09-09
A095700,제넥신,KOSDAQ,0.03255065143758557,4,2022-09-09
A318000,KBG,KOSDAQ,0.03242819102350885,4,2022-09-09
A060250,NHN한국사이버결제,KOSDAQ,0.03233376701099572,4,2022-09-09
A092070,디엔에프,KOSDAQ,0.032249074479517824,4,2022-09-09
A012700,리드코프,KOSDAQ,0.032167451533855335,4,2022-09-09
A009620,삼보산업,KOSDAQ,0.032026966457979776,4,2022-09-09
A077360,덕산하이메탈,KOSDAQ,0.03191931393427367,4,2022-09-09
A110790,크리스에프앤씨,KOSDAQ,0.03191455484632177,4,2022-09-09
A089850,유비벨록스,KOSDAQ,0.031719244266280186,4,2022-09-09
A217600,켐온,KOSDAQ,0.031614200209466786,4,2022-09-09
A122350,삼기,KOSDAQ,0.03140946136237548,4,2022-09-09
A232680,라온테크,KOSDAQ,0.03129968748865982,4,2022-09-09
A074600,원익QnC,KOSDAQ,0.031116754207934978,4,2022-09-09
A067390,아스트,KOSDAQ,0.031099717161165934,4,2022-09-09
A140670,알에스오토메이션,KOSDAQ,0.030709253678441403,4,2022-09-09
A038950,파인디지털,KOSDAQ,0.030677159923082075,4,2022-09-09
A038010,제일테크노스,KOSDAQ,0.030620189557761055,4,2022-09-09
A076080,웰크론한텍,KOSDAQ,0.030402251151425058,4,2022-09-09
A001810,무림SP,KOSDAQ,0.030397904289739604,4,2022-09-09
A091120,이엠텍,KOSDAQ,0.030282445850042337,4,2022-09-09
A065570,삼영이엔씨,KOSDAQ,0.03022863570422884,4,2022-09-09
A066410,버킷스튜디오,KOSDAQ,0.03019794625960836,4,2022-09-09
A189330,씨이랩,KOSDAQ,0.03014972516990458,4,2022-09-09
A277410,인산가,KOSDAQ,0.030055521917430755,4,2022-09-09
A334970,프레스티지바이오로직스,KOSDAQ,0.029949185163663513,4,2022-09-09
A212560,네오오토,KOSDAQ,0.029944275746855042,4,2022-09-09
A300080,플리토,KOSDAQ,0.029807108533410207,4,2022-09-09
A041920,메디아나,KOSDAQ,0.02973460866848095,4,2022-09-09
A196700,웹스,KOSDAQ,0.02959824693705134,4,2022-09-09
A103840,우양,KOSDAQ,0.029537234407327872,4,2022-09-09
A041190,우리기술투자,KOSDAQ,0.02947106203375676,4,2022-09-09
A079810,디이엔티,KOSDAQ,0.029394727627480546,4,2022-09-09
A142210,유니트론텍,KOSDAQ,0.029329484270134817,4,2022-09-09
A065370,위세아이텍,KOSDAQ,0.02931668651426,4,2022-09-09
A067280,멀티캠퍼스,KOSDAQ,0.02929775539382908,4,2022-09-09
A065130,탑엔지니어링,KOSDAQ,0.02921468554590354,4,2022-09-09
A094170,동운아나텍,KOSDAQ,0.02920001819635518,4,2022-09-09
A036640,HRS,KOSDAQ,0.029186759535032414,4,2022-09-09
A003800,에이스침대,KOSDAQ,0.029182667162491467,4,2022-09-09
A185490,아이진,KOSDAQ,0.02915431546286271,4,2022-09-09
A059270,해성티피씨,KOSDAQ,0.0291145767538819,4,2022-09-09
A089140,넥스턴바이오,KOSDAQ,0.02903851709877638,4,2022-09-09
A005290,동진쎄미켐,KOSDAQ,0.029007141888042178,4,2022-09-09
A086960,MDS테크,KOSDAQ,0.028933467750325504,4,2022-09-09
A354200,엔젠바이오,KOSDAQ,0.028886312035947773,4,2022-09-09
A278650,노터스,KOSDAQ,0.028842245146875518,4,2022-09-09
A139670,키네마스터,KOSDAQ,0.02882008861833888,4,2022-09-09
A095500,미래나노텍,KOSDAQ,0.028768426997119893,4,2022-09-09
A039340,한국경제TV,KOSDAQ,0.02871727913039998,4,2022-09-09
A236810,엔비티,KOSDAQ,0.02870272774617594,4,2022-09-09
A142280,녹십자엠에스,KOSDAQ,0.028701170398965938,4,2022-09-09
A003100,선광,KOSDAQ,0.028694169349955476,4,2022-09-09
A347740,피엔케이피부임상연구센타,KOSDAQ,0.028684128219905375,4,2022-09-09
A030350,드래곤플라이,KOSDAQ,0.028683452056923762,4,2022-09-09
A101730,위메이드맥스,KOSDAQ,0.02867940157997903,4,2022-09-09
A092040,아미코젠,KOSDAQ,0.027941841346327597,4,2022-09-09
A017890,한국알콜,KOSDAQ,0.027817294108837508,4,2022-09-09
A255440,야스,KOSDAQ,0.027164488484772875,4,2022-09-09
A047080,한빛소프트,KOSDAQ,0.02715981087513338,4,2022-09-09
A053590,한국테크놀로지,KOSDAQ,0.02704518610266513,4,2022-09-09
A261200,덴티스,KOSDAQ,0.026955415603607234,4,2022-09-09
A241770,메카로,KOSDAQ,0.026481234881336097,4,2022-09-09
A042370,비츠로테크,KOSDAQ,0.026349261767080186,4,2022-09-09
A060310,3S,KOSDAQ,0.026322133217750048,4,2022-09-09
A039290,인포뱅크,KOSDAQ,0.026173556931110366,4,2022-09-09
A054780,키이스트,KOSDAQ,0.025676556683124737,4,2022-09-09
A038540,상상인,KOSDAQ,0.02554145103692776,4,2022-09-09
A078340,컴투스,KOSDAQ,0.024925464275696124,4,2022-09-09
A337930,브랜드엑스코퍼레이션,KOSDAQ,0.024394164350531173,4,2022-09-09
A115450,HLB테라퓨틱스,KOSDAQ,0.024358569444060278,4,2022-09-09
A049120,파인디앤씨,KOSDAQ,0.02358910883370275,4,2022-09-09
A014570,고려제약,KOSDAQ,0.023493132185358496,4,2022-09-09
A054450,텔레칩스,KOSDAQ,0.023194935491281952,4,2022-09-09
A031980,피에스케이홀딩스,KOSDAQ,0.022936428460457355,4,2022-09-09
A204270,제이앤티씨,KOSDAQ,0.022908167028308384,4,2022-09-09
A047310,파워로직스,KOSDAQ,0.02285538076593324,4,2022-09-09
A174880,장원테크,KOSDAQ,0.022837082510710816,4,2022-09-09
A083450,GST,KOSDAQ,0.022471092684220532,4,2022-09-09
A347770,핌스,KOSDAQ,0.02235598702116893,4,2022-09-09
A080720,한국유니온제약,KOSDAQ,0.021846763703962154,4,2022-09-09
A019570,리더스 기술투자,KOSDAQ,0.02164379691293226,4,2022-09-09
A243070,휴온스,KOSDAQ,0.021600862952977955,4,2022-09-09
A079650,서산,KOSDAQ,0.021381218740072313,4,2022-09-09
A215100,로보로보,KOSDAQ,0.020946356702375657,4,2022-09-09
A056080,유진로봇,KOSDAQ,0.020733786485079803,4,2022-09-09
A024120,KB오토시스,KOSDAQ,0.02064228448297403,4,2022-09-09
A318010,팜스빌,KOSDAQ,0.020513742758041166,4,2022-09-09
A032680,소프트센,KOSDAQ,0.020250593177852678,4,2022-09-09
A226330,신테카바이오,KOSDAQ,0.020204369146572507,4,2022-09-09
A065680,우주일렉트로,KOSDAQ,0.019980853045054165,4,2022-09-09
A018310,삼목에스폼,KOSDAQ,0.01984424697500864,4,2022-09-09
A010280,쌍용정보통신,KOSDAQ,0.019825983248237113,4,2022-09-09
A072950,빛샘전자,KOSDAQ,0.019806986692619905,4,2022-09-09
A053080,원방테크,KOSDAQ,0.01978221018942084,4,2022-09-09
A054950,제이브이엠,KOSDAQ,0.019683600745448063,4,2022-09-09
A119860,다나와,KOSDAQ,0.019648349209406474,4,2022-09-09
A090460,비에이치,KOSDAQ,0.019505212819542827,4,2022-09-09
A046440,KG모빌리언스,KOSDAQ,0.019365294344011054,4,2022-09-09
A096350,대창솔루션,KOSDAQ,0.019164337875287575,4,2022-09-09
A286750,나노브릭,KOSDAQ,0.01915428242117855,4,2022-09-09
A241690,유니테크노,KOSDAQ,0.019135454787910976,4,2022-09-09
A187220,디티앤씨,KOSDAQ,0.019046340909130547,4,2022-09-09
A091340,S&K폴리텍,KOSDAQ,0.018972873128686885,4,2022-09-09
A067920,이글루,KOSDAQ,0.018586728524618953,4,2022-09-09
A089980,상아프론테크,KOSDAQ,0.018568987330587518,4,2022-09-09
A045970,코아시아,KOSDAQ,0.018481730898773478,4,2022-09-09
A226950,올릭스,KOSDAQ,0.018316014767975407,4,2022-09-09
A096630,에스코넥,KOSDAQ,0.0183063218204499,4,2022-09-09
A122450,KX,KOSDAQ,0.018290955978554856,4,2022-09-09
A064800,젬백스링크,KOSDAQ,0.018286264867177642,4,2022-09-09
A066360,체리부로,KOSDAQ,0.018159437483393517,4,2022-09-09
A038620,위즈코프,KOSDAQ,0.018143516393724045,4,2022-09-09
A267320,나인테크,KOSDAQ,0.018099806597382632,4,2022-09-09
A137950,제이씨케미칼,KOSDAQ,0.018046233443352076,4,2022-09-09
A123860,아나패스,KOSDAQ,0.018013641739026125,4,2022-09-09
A083550,케이엠,KOSDAQ,0.01799042474803369,4,2022-09-09
A225430,케이엠제약,KOSDAQ,0.017921173068524553,4,2022-09-09
A115500,케이씨에스,KOSDAQ,0.017847268339889727,4,2022-09-09
A298540,더네이쳐홀딩스,KOSDAQ,0.01771442061636736,4,2022-09-09
A066700,테라젠이텍스,KOSDAQ,0.017629644735859602,4,2022-09-09
A050760,에스폴리텍,KOSDAQ,0.01760259096312621,4,2022-09-09
A121600,나노신소재,KOSDAQ,0.01746401782066877,4,2022-09-09
A134580,탑코미디어,KOSDAQ,0.01737320021734985,4,2022-09-09
A228850,레이언스,KOSDAQ,0.017337584393476036,4,2022-09-09
A039840,디오,KOSDAQ,0.017167473344490407,4,2022-09-09
A193250,와이제이엠게임즈,KOSDAQ,0.01716617669883613,4,2022-09-09
A290550,디케이티,KOSDAQ,0.017150671260399434,4,2022-09-09
A065660,안트로젠,KOSDAQ,0.0169881372045529,4,2022-09-09
A104620,노랑풍선,KOSDAQ,0.016908348267941038,4,2022-09-09
A109860,동일금속,KOSDAQ,0.016866837526903718,4,2022-09-09
A049470,SGA,KOSDAQ,0.016830453101820915,4,2022-09-09
A025550,한국선재,KOSDAQ,0.0168196171605653,3,2022-09-09
A101400,엔시트론,KOSDAQ,0.016817221070769984,3,2022-09-09
A317120,라닉스,KOSDAQ,0.016810907830077847,3,2022-09-09
A151910,SBW생명과학,KOSDAQ,0.016802087680127132,3,2022-09-09
A035890,서희건설,KOSDAQ,0.0167970848702572,3,2022-09-09
A035760,CJ ENM,KOSDAQ,0.01673078194999443,3,2022-09-09
A002230,피에스텍,KOSDAQ,0.016670392469055176,3,2022-09-09
A066970,엘앤에프,KOSDAQ,0.016628151523630497,3,2022-09-09
A225590,패션플랫폼,KOSDAQ,0.016594103521252488,3,2022-09-09
A082210,옵트론텍,KOSDAQ,0.016551428578658316,3,2022-09-09
A190510,나무가,KOSDAQ,0.016545723256469785,3,2022-09-09
A347000,센코,KOSDAQ,0.016490712691969993,3,2022-09-09
A307180,아이엘사이언스,KOSDAQ,0.016375849914811162,3,2022-09-09
A228670,레이,KOSDAQ,0.016375021849881734,3,2022-09-09
A215790,이노인스트루먼트,KOSDAQ,0.016324341250812745,3,2022-09-09
A131030,옵투스제약,KOSDAQ,0.01631181365001157,3,2022-09-09
A045510,정원엔시스,KOSDAQ,0.01629962939450367,3,2022-09-09
A049960,쎌바이오텍,KOSDAQ,0.016270640604783285,3,2022-09-09
A092730,네오팜,KOSDAQ,0.016264655039701627,3,2022-09-09
A032280,삼일,KOSDAQ,0.016202199667514544,3,2022-09-09
A037330,인지디스플레,KOSDAQ,0.016189986780617678,3,2022-09-09
A160550,NEW,KOSDAQ,0.016162143834516685,3,2022-09-09
A289010,아이스크림에듀,KOSDAQ,0.01611901638282421,3,2022-09-09
A102940,코오롱생명과학,KOSDAQ,0.016067180890141978,3,2022-09-09
A200710,에이디테크놀로지,KOSDAQ,0.016055754796268584,3,2022-09-09
A321820,와이더플래닛,KOSDAQ,0.016041325896651828,3,2022-09-09
A044960,이글벳,KOSDAQ,0.015964994416921098,3,2022-09-09
A038110,에코플라스틱,KOSDAQ,0.015935644244354945,3,2022-09-09
A066670,디스플레이텍,KOSDAQ,0.01593038535635832,3,2022-09-09
A190650,코리아에셋투자증권,KOSDAQ,0.015882182509192544,3,2022-09-09
A037440,희림,KOSDAQ,0.015826280174349092,3,2022-09-09
A032500,케이엠더블유,KOSDAQ,0.015816864924183723,3,2022-09-09
A356860,티엘비,KOSDAQ,0.01581239387929729,3,2022-09-09
A040610,SG&G,KOSDAQ,0.015789732559859306,3,2022-09-09
A051380,피씨디렉트,KOSDAQ,0.015781408094677693,3,2022-09-09
A302430,이노메트리,KOSDAQ,0.015779933369241887,3,2022-09-09
A042000,카페24,KOSDAQ,0.015760667071875446,3,2022-09-09
A302550,리메드,KOSDAQ,0.015760241093815082,3,2022-09-09
A099320,쎄트렉아이,KOSDAQ,0.01572239859889195,3,2022-09-09
A078890,가온미디어,KOSDAQ,0.015636932197326675,3,2022-09-09
A115160,휴맥스,KOSDAQ,0.015584504811257322,3,2022-09-09
A064550,바이오니아,KOSDAQ,0.0155604424561403,3,2022-09-09
A017000,신원종합개발,KOSDAQ,0.015543930042582919,3,2022-09-09
A090850,현대이지웰,KOSDAQ,0.015400074483119228,3,2022-09-09
A052860,아이앤씨,KOSDAQ,0.015341058681102427,3,2022-09-09
A042040,케이피엠테크,KOSDAQ,0.015337665201205802,3,2022-09-09
A347890,엠투아이,KOSDAQ,0.015322815423683397,3,2022-09-09
A067010,이씨에스,KOSDAQ,0.015316671762216082,3,2022-09-09
A033160,엠케이전자,KOSDAQ,0.015302761333752161,3,2022-09-09
A017650,대림제지,KOSDAQ,0.015260401062636002,3,2022-09-09
A114630,폴라리스우노,KOSDAQ,0.015248063259664347,3,2022-09-09
A100660,서암기계공업,KOSDAQ,0.015210502478633594,3,2022-09-09
A021320,KCC건설,KOSDAQ,0.015191594847162513,3,2022-09-09
A335810,프리시젼바이오,KOSDAQ,0.015188478905456762,3,2022-09-09
A222160,바이옵트로,KOSDAQ,0.015186920177425737,3,2022-09-09
A036670,KCI,KOSDAQ,0.015186345191666005,3,2022-09-09
A038680,에스넷,KOSDAQ,0.015173270946041246,3,2022-09-09
A263720,디앤씨미디어,KOSDAQ,0.015172120028279739,3,2022-09-09
A007820,에스엠코어,KOSDAQ,0.01509677438128918,3,2022-09-09
A216080,제테마,KOSDAQ,0.01509646000611658,3,2022-09-09
A065770,CS,KOSDAQ,0.015095745723442364,3,2022-09-09
A213420,덕산네오룩스,KOSDAQ,0.015062176266868649,3,2022-09-09
A260930,씨티케이,KOSDAQ,0.015030727793794491,3,2022-09-09
A256940,케이피에스,KOSDAQ,0.01493618421870132,3,2022-09-09
A084730,팅크웨어,KOSDAQ,0.014932432149839218,3,2022-09-09
A297570,알로이스,KOSDAQ,0.014925039108688577,3,2022-09-09
A023790,동일철강,KOSDAQ,0.014912644880553232,3,2022-09-09
A166090,하나머티리얼즈,KOSDAQ,0.014893845725183331,3,2022-09-09
A226360,KH 건설,KOSDAQ,0.014866252644961936,3,2022-09-09
A128540,에코캡,KOSDAQ,0.014860647038266851,3,2022-09-09
A044780,에이치케이,KOSDAQ,0.014834100894798839,3,2022-09-09
A036090,위지트,KOSDAQ,0.014814379637136055,3,2022-09-09
A191420,테고사이언스,KOSDAQ,0.014763524735763664,3,2022-09-09
A044480,블루베리 NFT,KOSDAQ,0.014762659445358711,3,2022-09-09
A084370,유진테크,KOSDAQ,0.014735108902870315,3,2022-09-09
A072470,우리산업홀딩스,KOSDAQ,0.014718361978962369,3,2022-09-09
A270660,에브리봇,KOSDAQ,0.014666474426294072,3,2022-09-09
A069510,에스텍,KOSDAQ,0.01463751872451854,3,2022-09-09
A130500,GH신소재,KOSDAQ,0.014629200400309022,3,2022-09-09
A053980,오상자이엘,KOSDAQ,0.014605227499901544,3,2022-09-09
A025950,동신건설,KOSDAQ,0.01457358117250572,3,2022-09-09
A348150,고바이오랩,KOSDAQ,0.01455882749022955,3,2022-09-09
A068760,셀트리온제약,KOSDAQ,0.0145558057210258,3,2022-09-09
A025440,대성엘텍,KOSDAQ,0.014553247970811978,3,2022-09-09
A084650,랩지노믹스,KOSDAQ,0.014535777131482224,3,2022-09-09
A256840,한국비엔씨,KOSDAQ,0.014532236196947643,3,2022-09-09
A322510,제이엘케이,KOSDAQ,0.014529015651967025,3,2022-09-09
A137400,피엔티,KOSDAQ,0.014526589456957423,3,2022-09-09
A084110,휴온스글로벌,KOSDAQ,0.014519872123171946,3,2022-09-09
A199800,툴젠,KOSDAQ,0.014519786359521435,3,2022-09-09
A114450,KPX생명과학,KOSDAQ,0.01450334291342344,3,2022-09-09
A200780,비씨월드제약,KOSDAQ,0.014489881660633133,3,2022-09-09
A024910,경창산업,KOSDAQ,0.01448200020795114,3,2022-09-09
A222040,코스맥스엔비티,KOSDAQ,0.014480618354607401,3,2022-09-09
A187870,디바이스이엔지,KOSDAQ,0.014479045182823213,3,2022-09-09
A339950,아이비김영,KOSDAQ,0.014468879870883434,3,2022-09-09
A251630,브이원텍,KOSDAQ,0.014460439535796035,3,2022-09-09
A096610,알에프세미,KOSDAQ,0.014453166951049534,3,2022-09-09
A142760,비엘,KOSDAQ,0.014445779437119133,3,2022-09-09
A214450,파마리서치,KOSDAQ,0.014441083503609148,3,2022-09-09
A079960,동양이엔피,KOSDAQ,0.014436840384325935,3,2022-09-09
A361390,제노코,KOSDAQ,0.014434504481718876,3,2022-09-09
A032750,삼진,KOSDAQ,0.014433066902849031,3,2022-09-09
A108860,셀바스AI,KOSDAQ,0.014428735631540748,3,2022-09-09
A347860,알체라,KOSDAQ,0.014425850691772185,3,2022-09-09
A041460,한국전자인증,KOSDAQ,0.014411652437735208,3,2022-09-09
A348030,모비릭스,KOSDAQ,0.014411161340774916,3,2022-09-09
A060900,대한그린파워,KOSDAQ,0.014410353948759282,3,2022-09-09
A299900,위지윅스튜디오,KOSDAQ,0.014410260681876614,3,2022-09-09
A211050,인카금융서비스,KOSDAQ,0.014408328254330647,3,2022-09-09
A090150,아이윈,KOSDAQ,0.014407550178582624,3,2022-09-09
A121800,비덴트,KOSDAQ,0.014404566744984812,3,2022-09-09
A291230,엔피,KOSDAQ,0.014394503134845398,3,2022-09-09
A096530,씨젠,KOSDAQ,0.014391508361513945,3,2022-09-09
A289220,자이언트스텝,KOSDAQ,0.014390490643644744,3,2022-09-09
A247660,나노씨엠에스,KOSDAQ,0.014389846616820603,3,2022-09-09
A258830,세종메디칼,KOSDAQ,0.014387518726374589,3,2022-09-09
A247540,에코프로비엠,KOSDAQ,0.014386715939493486,3,2022-09-09
A206560,덱스터,KOSDAQ,0.014386632131867295,3,2022-09-09
A159580,제로투세븐,KOSDAQ,0.014332689898247788,3,2022-09-09
A039200,오스코텍,KOSDAQ,0.014229317705137174,3,2022-09-09
A058400,KNN,KOSDAQ,0.013928992591995213,3,2022-09-09
A040910,아이씨디,KOSDAQ,0.012204284785846118,3,2022-09-09
A007330,푸른저축은행,KOSDAQ,0.012139027918333033,3,2022-09-09
A033130,디지틀조선,KOSDAQ,0.012050046725972777,3,2022-09-09
A041020,폴라리스오피스,KOSDAQ,0.01160930065583425,3,2022-09-09
A052400,코나아이,KOSDAQ,0.0115711106652429,3,2022-09-09
A082850,우리바이오,KOSDAQ,0.011091200397719535,3,2022-09-09
A065350,신성델타테크,KOSDAQ,0.011088728952118775,3,2022-09-09
A042510,라온시큐어,KOSDAQ,0.010805455733902378,3,2022-09-09
A236200,슈프리마,KOSDAQ,0.01078289984076485,3,2022-09-09
A024940,PN풍년,KOSDAQ,0.010427505896662387,3,2022-09-09
A294140,레몬,KOSDAQ,0.010153007001421304,3,2022-09-09
A049480,오픈베이스,KOSDAQ,0.010006433997758319,3,2022-09-09
A026910,광진실업,KOSDAQ,0.009690503081569418,3,2022-09-09
A228760,지노믹트리,KOSDAQ,0.009637840521617504,3,2022-09-09
A052260,현대바이오랜드,KOSDAQ,0.009204054817310283,3,2022-09-09
A317240,TS트릴리온,KOSDAQ,0.009200260495240994,3,2022-09-09
A189300,인텔리안테크,KOSDAQ,0.008946055592182605,3,2022-09-09
A031310,아이즈비전,KOSDAQ,0.008715586680154508,3,2022-09-09
A108490,로보티즈,KOSDAQ,0.008632054582428328,3,2022-09-09
A080580,오킨스전자,KOSDAQ,0.008419139505903022,3,2022-09-09
A217190,제너셈,KOSDAQ,0.007500000181322942,3,2022-09-09
A234920,자이글,KOSDAQ,0.007470720741122004,3,2022-09-09
A262260,에이프로,KOSDAQ,0.007426755352528137,3,2022-09-09
A036010,아비코전자,KOSDAQ,0.007342747428538792,3,2022-09-09
A036000,예림당,KOSDAQ,0.007326763683307373,3,2022-09-09
A215000,골프존,KOSDAQ,0.007202606606326162,3,2022-09-09
A221840,하이즈항공,KOSDAQ,0.007201232852792443,3,2022-09-09
A065530,와이어블,KOSDAQ,0.007109250526868176,3,2022-09-09
A241840,에이스토리,KOSDAQ,0.007085852738388919,3,2022-09-09
A005860,한일사료,KOSDAQ,0.007024133491869177,3,2022-09-09
A054630,에이디칩스,KOSDAQ,0.006531233439806591,3,2022-09-09
A246960,이노테라피,KOSDAQ,0.006509174146487858,3,2022-09-09
A166480,코아스템,KOSDAQ,0.006418670129605974,3,2022-09-09
A067080,대화제약,KOSDAQ,0.0063704303555049205,3,2022-09-09
A092460,한라IMS,KOSDAQ,0.00626654574139201,3,2022-09-09
A245620,EDGC,KOSDAQ,0.006113108583489485,3,2022-09-09
A289080,SV인베스트먼트,KOSDAQ,0.006053742663330565,3,2022-09-09
A208350,지란지교시큐리티,KOSDAQ,0.0058863363355392785,3,2022-09-09
A150900,파수,KOSDAQ,0.005846998380065306,3,2022-09-09
A204840,지엘팜텍,KOSDAQ,0.005679354603430546,3,2022-09-09
A033560,블루콤,KOSDAQ,0.0056737512371609015,3,2022-09-09
A059100,아이컴포넌트,KOSDAQ,0.005633584122586982,3,2022-09-09
A117670,알파홀딩스,KOSDAQ,0.005568208573576114,3,2022-09-09
A122310,제노레이,KOSDAQ,0.005526762511536701,2,2022-09-09
A030520,한글과컴퓨터,KOSDAQ,0.005523113227946177,2,2022-09-09
A027040,서울전자통신,KOSDAQ,0.005518105530575869,2,2022-09-09
A027050,코리아나,KOSDAQ,0.005493732823529099,2,2022-09-09
A023460,CNH,KOSDAQ,0.005411314459479511,2,2022-09-09
A006620,동구바이오제약,KOSDAQ,0.005358607676299673,2,2022-09-09
A287410,제이시스메디칼,KOSDAQ,0.00532908920156733,2,2022-09-09
A189980,흥국에프엔비,KOSDAQ,0.0052744235698247,2,2022-09-09
A025770,한국정보통신,KOSDAQ,0.0051640273903654915,2,2022-09-09
A053270,구영테크,KOSDAQ,0.005054454251647615,2,2022-09-09
A198440,고려시멘트,KOSDAQ,0.004995161786071018,2,2022-09-09
A155650,와이엠씨,KOSDAQ,0.004973845582920177,2,2022-09-09
A290650,엘앤씨바이오,KOSDAQ,0.004955031554340356,2,2022-09-09
A099750,이지케어텍,KOSDAQ,0.0048842724454875855,2,2022-09-09
A050120,ES큐브,KOSDAQ,0.004879469529961608,2,2022-09-09
A070590,한솔인티큐브,KOSDAQ,0.004825178653944867,2,2022-09-09
A102120,어보브반도체,KOSDAQ,0.0046667863964211295,2,2022-09-09
A038070,서린바이오,KOSDAQ,0.004625208225649782,2,2022-09-09
A290660,네오펙트,KOSDAQ,0.0046026418563177235,2,2022-09-09
A207760,미스터블루,KOSDAQ,0.004497052133252709,2,2022-09-09
A039980,리노스,KOSDAQ,0.004485011669046384,2,2022-09-09
A117730,티로보틱스,KOSDAQ,0.004471844328118701,2,2022-09-09
A006910,보성파워텍,KOSDAQ,0.004439342237119652,2,2022-09-09
A047560,이스트소프트,KOSDAQ,0.004333109496426722,2,2022-09-09
A011370,서한,KOSDAQ,0.004331035831809638,2,2022-09-09
A333620,엔시스,KOSDAQ,0.004317293797547453,2,2022-09-09
A078140,대봉엘에스,KOSDAQ,0.004261397750443741,2,2022-09-09
A092870,엑시콘,KOSDAQ,0.004191702950625561,2,2022-09-09
A073190,듀오백,KOSDAQ,0.0041421317765028215,2,2022-09-09
A039030,이오테크닉스,KOSDAQ,0.004135987542742811,2,2022-09-09
A041830,인바디,KOSDAQ,0.0040943804349344885,2,2022-09-09
A023410,유진기업,KOSDAQ,0.003968956102300252,2,2022-09-09
A068050,팬엔터테인먼트,KOSDAQ,0.003932105671667146,2,2022-09-09
A034940,조아제약,KOSDAQ,0.003864471613255069,2,2022-09-09
A251370,와이엠티,KOSDAQ,0.00384100869186299,2,2022-09-09
A054620,APS홀딩스,KOSDAQ,0.003695178720584191,2,2022-09-09
A250930,예선테크,KOSDAQ,0.0036409255052561123,2,2022-09-09
A317330,덕산테코피아,KOSDAQ,0.0036086436546701925,2,2022-09-09
A002800,신신제약,KOSDAQ,0.003564698230616735,2,2022-09-09
A074430,아미노로직스,KOSDAQ,0.003531983942171442,2,2022-09-09
A012340,뉴인텍,KOSDAQ,0.003494892814556065,2,2022-09-09
A100130,동국S&C,KOSDAQ,0.003480209280942293,2,2022-09-09
A027830,대성창투,KOSDAQ,0.0034064849007191494,2,2022-09-09
A143240,사람인에이치알,KOSDAQ,0.003319364722366325,2,2022-09-09
A225530,보광산업,KOSDAQ,0.003247531134769271,2,2022-09-09
A083790,크리스탈지노믹스,KOSDAQ,0.003173114908673375,2,2022-09-09
A059120,아진엑스텍,KOSDAQ,0.003132385546034925,2,2022-09-09
A186230,그린플러스,KOSDAQ,0.003111929786779744,2,2022-09-09
A052460,아이크래프트,KOSDAQ,0.002939205405508153,2,2022-09-09
A053280,예스24,KOSDAQ,0.0029370901749196385,2,2022-09-09
A200470,에이팩트,KOSDAQ,0.00286246820722192,2,2022-09-09
A258790,소프트캠프,KOSDAQ,0.0028289730683592543,2,2022-09-09
A002290,삼일기업공사,KOSDAQ,0.002817330103484791,2,2022-09-09
A208710,바이오로그디바이스,KOSDAQ,0.002807529630740463,2,2022-09-09
A101000,상상인인더스트리,KOSDAQ,0.002791101756134273,2,2022-09-09
A092300,현우산업,KOSDAQ,0.0027665572022346,2,2022-09-09
A137940,넥스트아이,KOSDAQ,0.002736275188126336,2,2022-09-09
A106190,하이텍팜,KOSDAQ,0.002731654580406859,2,2022-09-09
A120240,대정화금,KOSDAQ,0.002637467273929237,2,2022-09-09
A148150,세경하이테크,KOSDAQ,0.002630383519849262,2,2022-09-09
A028080,휴맥스홀딩스,KOSDAQ,0.0025997642632857093,2,2022-09-09
A089530,에이티세미콘,KOSDAQ,0.0025841808333057124,2,2022-09-09
A066900,디에이피,KOSDAQ,0.0025475285767237225,2,2022-09-09
A352770,클리노믹스,KOSDAQ,0.0025473347517795024,2,2022-09-09
A012860,모베이스전자,KOSDAQ,0.002531371452699123,2,2022-09-09
A299030,하나기술,KOSDAQ,0.0025271658522664506,2,2022-09-09
A026150,특수건설,KOSDAQ,0.0024858817493817534,2,2022-09-09
A065710,서호전기,KOSDAQ,0.002456906215071163,2,2022-09-09
A133750,메가엠디,KOSDAQ,0.0024538384178118024,2,2022-09-09
A033290,코웰패션,KOSDAQ,0.002449899188200689,2,2022-09-09
A076610,해성옵틱스,KOSDAQ,0.002439716725497281,2,2022-09-09
A104040,대성파인텍,KOSDAQ,0.0024239312430767426,2,2022-09-09
A123420,위메이드플레이,KOSDAQ,0.002394464305457232,2,2022-09-09
A016100,리더스코스메틱,KOSDAQ,0.0023911633092747082,2,2022-09-09
A264450,유비쿼스,KOSDAQ,0.0023846156656859275,2,2022-09-09
A067770,세진티에스,KOSDAQ,0.0023774959966895762,2,2022-09-09
A201490,미투온,KOSDAQ,0.0023401706511190674,2,2022-09-09
A246710,티앤알바이오팹,KOSDAQ,0.002339108000951671,2,2022-09-09
A067730,로지시스,KOSDAQ,0.002310225894265457,2,2022-09-09
A043370,피에이치에이,KOSDAQ,0.002295794029188377,2,2022-09-09
A092190,서울바이오시스,KOSDAQ,0.002295098530686631,2,2022-09-09
A048550,SM C&C,KOSDAQ,0.002282177547010885,2,2022-09-09
A035620,바른손이앤에이,KOSDAQ,0.002281256529550252,2,2022-09-09
A001540,안국약품,KOSDAQ,0.002240807038448279,2,2022-09-09
A356890,싸이버원,KOSDAQ,0.0022268255276171028,2,2022-09-09
A071200,인피니트헬스케어,KOSDAQ,0.0022060297419238023,2,2022-09-09
A111870,KH 전자,KOSDAQ,0.002133696636269308,2,2022-09-09
A239340,줌인터넷,KOSDAQ,0.002130629702086206,2,2022-09-09
A019210,와이지-원,KOSDAQ,0.0020886376218719194,2,2022-09-09
A094850,참좋은여행,KOSDAQ,0.0020617821918590385,2,2022-09-09
A034810,해성산업,KOSDAQ,0.002044961754811767,2,2022-09-09
A070300,엑스큐어,KOSDAQ,0.0019379496914770482,2,2022-09-09
A041440,현대에버다임,KOSDAQ,0.001933921676225948,2,2022-09-09
A228340,동양파일,KOSDAQ,0.001909374220019918,2,2022-09-09
A018680,서울제약,KOSDAQ,0.0018859250130894903,2,2022-09-09
A021650,한국큐빅,KOSDAQ,0.001881811091797979,2,2022-09-09
A126600,코프라,KOSDAQ,0.0018778714438287165,2,2022-09-09
A139050,시티랩스,KOSDAQ,0.0018170329597192965,2,2022-09-09
A123040,엠에스오토텍,KOSDAQ,0.0018164562983162807,2,2022-09-09
A214370,케어젠,KOSDAQ,0.0017668834176634335,2,2022-09-09
A014940,오리엔탈정공,KOSDAQ,0.0017666455470135168,2,2022-09-09
A317690,퀀타매트릭스,KOSDAQ,0.0017448262484269263,2,2022-09-09
A153710,옵티팜,KOSDAQ,0.001736986054425864,2,2022-09-09
A053580,웹케시,KOSDAQ,0.0017249068260302657,2,2022-09-09
A340570,티앤엘,KOSDAQ,0.0016645712893781802,2,2022-09-09
A352480,씨앤씨인터내셔널,KOSDAQ,0.0016645681759125852,2,2022-09-09
A017480,삼현철강,KOSDAQ,0.0016566818371691694,2,2022-09-09
A089600,나스미디어,KOSDAQ,0.0016536803648913166,2,2022-09-09
A123750,알톤스포츠,KOSDAQ,0.0016314306104396692,2,2022-09-09
A090410,덕신하우징,KOSDAQ,0.001607452184726054,2,2022-09-09
A030960,양지사,KOSDAQ,0.0015835072732659301,2,2022-09-09
A086710,선진뷰티사이언스,KOSDAQ,0.0015692970763670304,2,2022-09-09
A078940,코드네이처,KOSDAQ,0.0015320204229452665,2,2022-09-09
A096690,에이루트,KOSDAQ,0.0015276659318501184,2,2022-09-09
A234340,헥토파이낸셜,KOSDAQ,0.0015261271029878322,2,2022-09-09
A048870,시너지이노베이션,KOSDAQ,0.0015215034115980462,2,2022-09-09
A138580,비즈니스온,KOSDAQ,0.0015023213462782862,2,2022-09-09
A003380,하림지주,KOSDAQ,0.0014994815182974516,2,2022-09-09
A322780,코퍼스코리아,KOSDAQ,0.0014509585113577875,2,2022-09-09
A096240,크레버스,KOSDAQ,0.0014365516753074774,2,2022-09-09
A179530,애드바이오텍,KOSDAQ,0.0014062486999196731,2,2022-09-09
A080220,제주반도체,KOSDAQ,0.0014030757417366946,2,2022-09-09
A007720,대명소노시즌,KOSDAQ,0.0014027935104218446,2,2022-09-09
A299170,더블유에스아이,KOSDAQ,0.0014015519047948476,2,2022-09-09
A021040,대호특수강,KOSDAQ,0.001399815684139447,2,2022-09-09
A192390,윈하이텍,KOSDAQ,0.0013847722104132645,2,2022-09-09
A032080,아즈텍WB,KOSDAQ,0.001370770014703747,2,2022-09-09
A100590,머큐리,KOSDAQ,0.0013624180469685582,2,2022-09-09
A052220,iMBC,KOSDAQ,0.0013561563334774636,2,2022-09-09
A043610,지니뮤직,KOSDAQ,0.001322767202307373,2,2022-09-09
A322310,오로스테크놀로지,KOSDAQ,0.0012887191564714036,2,2022-09-09
A021080,에이티넘인베스트,KOSDAQ,0.0012795138108066524,2,2022-09-09
A042940,상지카일룸,KOSDAQ,0.0012345353073373363,2,2022-09-09
A079000,와토스코리아,KOSDAQ,0.0012252549171674714,2,2022-09-09
A049550,잉크테크,KOSDAQ,0.0012113812780457408,2,2022-09-09
A255220,SG,KOSDAQ,0.0011865861759732814,2,2022-09-09
A203650,드림시큐리티,KOSDAQ,0.0011785410971401704,2,2022-09-09
A051160,지어소프트,KOSDAQ,0.001147743205540033,2,2022-09-09
A196170,알테오젠,KOSDAQ,0.0011457724218503814,2,2022-09-09
A052670,제일바이오,KOSDAQ,0.0011235036583814222,2,2022-09-09
A078150,HB테크놀러지,KOSDAQ,0.0011214024053609881,2,2022-09-09
A049720,고려신용정보,KOSDAQ,0.0011163537173985835,2,2022-09-09
A068930,디지털대성,KOSDAQ,0.001063761869726528,2,2022-09-09
A073570,WI,KOSDAQ,0.0010617584517762701,2,2022-09-09
A066130,하츠,KOSDAQ,0.0010470450322903472,2,2022-09-09
A272290,이녹스첨단소재,KOSDAQ,0.0010444635145299916,2,2022-09-09
A066590,우수AMS,KOSDAQ,0.0010421261136552762,2,2022-09-09
A225570,넥슨게임즈,KOSDAQ,0.001027976083195424,2,2022-09-09
A128660,피제이메탈,KOSDAQ,0.001005554112574172,2,2022-09-09
A208640,썸에이지,KOSDAQ,0.0009874184910312934,2,2022-09-09
A094940,푸른기술,KOSDAQ,0.0009768884639980344,2,2022-09-09
A038460,바이오스마트,KOSDAQ,0.0009747107590850362,2,2022-09-09
A319400,현대무벡스,KOSDAQ,0.0009735176361494771,2,2022-09-09
A215200,메가스터디교육,KOSDAQ,0.0009530986946061236,2,2022-09-09
A196300,애니젠,KOSDAQ,0.0009509403606608952,2,2022-09-09
A027580,상보,KOSDAQ,0.0009475195212890076,2,2022-09-09
A200670,휴메딕스,KOSDAQ,0.0009374235634772123,2,2022-09-09
A230240,에치에프알,KOSDAQ,0.0009074690755303284,2,2022-09-09
A067570,엔브이에이치코리아,KOSDAQ,0.000898870013170353,2,2022-09-09
A361670,삼영에스앤씨,KOSDAQ,0.0008911215801047084,2,2022-09-09
A065170,비엘팜텍,KOSDAQ,0.0008906725836494609,2,2022-09-09
A148250,알엔투테크놀로지,KOSDAQ,0.0008855018484723225,2,2022-09-09
A140070,서플러스글로벌,KOSDAQ,0.0008826095404376505,2,2022-09-09
A036540,SFA반도체,KOSDAQ,0.000871197144791284,2,2022-09-09
A100790,미래에셋벤처투자,KOSDAQ,0.000858976483439371,2,2022-09-09
A041910,에스텍파마,KOSDAQ,0.0008408184385570695,1,2022-09-09
A089230,THE E&M,KOSDAQ,0.0008244992894236852,1,2022-09-09
A053350,이니텍,KOSDAQ,0.0008188654801893682,1,2022-09-09
A215380,우정바이오,KOSDAQ,0.0008177405768666049,1,2022-09-09
A221980,케이디켐,KOSDAQ,0.000804601275784842,1,2022-09-09
A046120,오르비텍,KOSDAQ,0.0008013370743582566,1,2022-09-09
A046210,파나진,KOSDAQ,0.0007939483321957892,1,2022-09-09
A064290,인텍플러스,KOSDAQ,0.0007766525015046789,1,2022-09-09
A122640,예스티,KOSDAQ,0.0007711176922745223,1,2022-09-09
A033170,시그네틱스,KOSDAQ,0.0007608861869230313,1,2022-09-09
A019660,글로본,KOSDAQ,0.0007605546755993258,1,2022-09-09
A115960,연우,KOSDAQ,0.0007416441200170364,1,2022-09-09
A094860,네오리진,KOSDAQ,0.0007397022673529489,1,2022-09-09
A290270,휴네시온,KOSDAQ,0.0007070687851727325,1,2022-09-09
A127710,아시아경제,KOSDAQ,0.000690232029603092,1,2022-09-09
A060570,드림어스컴퍼니,KOSDAQ,0.00068690971671204,1,2022-09-09
A363250,진시스템,KOSDAQ,0.0006729007699053761,1,2022-09-09
A099190,아이센스,KOSDAQ,0.000658828270265365,1,2022-09-09
A262840,아이퀘스트,KOSDAQ,0.0006451103576384303,1,2022-09-09
A042420,네오위즈홀딩스,KOSDAQ,0.0006358773658786881,1,2022-09-09
A072990,에이치시티,KOSDAQ,0.0006216721816795847,1,2022-09-09
A019540,일지테크,KOSDAQ,0.0006172509294064701,1,2022-09-09
A263600,덕우전자,KOSDAQ,0.0006069119124265994,1,2022-09-09
A263770,유에스티,KOSDAQ,0.0006040404410967565,1,2022-09-09
A057030,YBM넷,KOSDAQ,0.0006035143457909073,1,2022-09-09
A013990,아가방컴퍼니,KOSDAQ,0.0005952580140018707,1,2022-09-09
A012790,신일제약,KOSDAQ,0.0005862149743282851,1,2022-09-09
A042520,한스바이오메드,KOSDAQ,0.0005835798603602207,1,2022-09-09
A080000,에스엔유,KOSDAQ,0.0005793423313069291,1,2022-09-09
A094360,칩스앤미디어,KOSDAQ,0.0005725852256025214,1,2022-09-09
A121850,코이즈,KOSDAQ,0.0005616618052014099,1,2022-09-09
A035200,프럼파스트,KOSDAQ,0.0005502454341289024,1,2022-09-09
A161580,필옵틱스,KOSDAQ,0.0005460098841345972,1,2022-09-09
A154030,아시아종묘,KOSDAQ,0.0005443406976410742,1,2022-09-09
A032620,유비케어,KOSDAQ,0.0005420262616345421,1,2022-09-09
A232140,와이아이케이,KOSDAQ,0.0005351231272323287,1,2022-09-09
A081150,티플랙스,KOSDAQ,0.0005299103773718381,1,2022-09-09
A065150,엠피대산,KOSDAQ,0.0005293738678442044,1,2022-09-09
A048770,TPC,KOSDAQ,0.0005280485224733081,1,2022-09-09
A065690,파커스,KOSDAQ,0.0005228253868521824,1,2022-09-09
A041960,코미팜,KOSDAQ,0.0005137495307101168,1,2022-09-09
A187660,에이디엠코리아,KOSDAQ,0.0005113986233952904,1,2022-09-09
A294630,서남,KOSDAQ,0.0005071152445701041,1,2022-09-09
A086980,쇼박스,KOSDAQ,0.0005021856576784273,1,2022-09-09
A258610,케일럼,KOSDAQ,0.000501608984810595,1,2022-09-09
A053700,삼보모터스,KOSDAQ,0.0004947246778755828,1,2022-09-09
A145020,휴젤,KOSDAQ,0.0004946699526260742,1,2022-09-09
A220260,켐트로스,KOSDAQ,0.00047653795514471155,1,2022-09-09
A080160,모두투어,KOSDAQ,0.00047012190284916836,1,2022-09-09
A053300,한국정보인증,KOSDAQ,0.0004563257906971335,1,2022-09-09
A091990,셀트리온헬스케어,KOSDAQ,0.0004485635717824399,1,2022-09-09
A088390,이녹스,KOSDAQ,0.0004346405914676694,1,2022-09-09
A263750,펄어비스,KOSDAQ,0.00043257549538349273,1,2022-09-09
A234300,에스트래픽,KOSDAQ,0.00043109491116647406,1,2022-09-09
A079950,인베니아,KOSDAQ,0.00042955214087994056,1,2022-09-09
A124560,태웅로직스,KOSDAQ,0.00042834613031306635,1,2022-09-09
A241520,DSC인베스트먼트,KOSDAQ,0.00042673811334123995,1,2022-09-09
A205470,휴마시스,KOSDAQ,0.0004261725976092593,1,2022-09-09
A217480,에스디생명공학,KOSDAQ,0.0004121388321140913,1,2022-09-09
A198080,엔피디,KOSDAQ,0.00040343034625613393,1,2022-09-09
A046940,우원개발,KOSDAQ,0.0004027533362465923,1,2022-09-09
A085810,알티캐스트,KOSDAQ,0.0004011981088784399,1,2022-09-09
A352700,씨앤투스성진,KOSDAQ,0.0003902167454734961,1,2022-09-09
A032850,비트컴퓨터,KOSDAQ,0.00038954716453116394,1,2022-09-09
A300120,라온피플,KOSDAQ,0.0003824622967142985,1,2022-09-09
A018290,브이티지엠피,KOSDAQ,0.00037210332796770474,1,2022-09-09
A078020,이베스트투자증권,KOSDAQ,0.0003657454202814026,1,2022-09-09
A005160,동국산업,KOSDAQ,0.0003482239821274916,1,2022-09-09
A089030,테크윙,KOSDAQ,0.00034519785213605757,1,2022-09-09
A225220,제놀루션,KOSDAQ,0.00034485936876271485,1,2022-09-09
A033230,인성정보,KOSDAQ,0.0003393138309068668,1,2022-09-09
A036180,지더블유바이텍,KOSDAQ,0.00033579748690397627,1,2022-09-09
A144960,뉴파워프라즈마,KOSDAQ,0.00033493835422570043,1,2022-09-09
A028300,HLB,KOSDAQ,0.0003310356814793497,1,2022-09-09
A047920,HLB제약,KOSDAQ,0.0003295966721451626,1,2022-09-09
A078600,대주전자재료,KOSDAQ,0.0003292617970336585,1,2022-09-09
A126340,비나텍,KOSDAQ,0.00029523719528182663,1,2022-09-09
A016920,카스,KOSDAQ,0.0002944674731240101,1,2022-09-09
A317870,엔바이오니아,KOSDAQ,0.0002936057464414849,1,2022-09-09
A031330,에스에이엠티,KOSDAQ,0.00028502322981451515,1,2022-09-09
A131370,알서포트,KOSDAQ,0.0002825547411074339,1,2022-09-09
A376190,엘비루셈,KOSDAQ,0.00028171443654910293,1,2022-09-09
A038500,삼표시멘트,KOSDAQ,0.00027682597338145494,1,2022-09-09
A049950,미래컴퍼니,KOSDAQ,0.0002761287915664424,1,2022-09-09
A304100,솔트룩스,KOSDAQ,0.000268350802526448,1,2022-09-09
A091700,파트론,KOSDAQ,0.0002525062472559003,1,2022-09-09
A067170,오텍,KOSDAQ,0.0002462533207647436,1,2022-09-09
A311390,네오크레마,KOSDAQ,0.00024539843069913556,1,2022-09-09
A214870,뉴지랩파마,KOSDAQ,0.00024007758771900253,1,2022-09-09
A036690,코맥스,KOSDAQ,0.00023492800888209867,1,2022-09-09
A036190,금화피에스시,KOSDAQ,0.00023084236053638605,1,2022-09-09
A075130,플랜티넷,KOSDAQ,0.00023051552394567557,1,2022-09-09
A214610,미코바이오메드,KOSDAQ,0.00022938803715214377,1,2022-09-09
A219420,링크제니시스,KOSDAQ,0.000228615750369811,1,2022-09-09
A206640,바디텍메드,KOSDAQ,0.00022557372531014516,1,2022-09-09
A069410,엔텔스,KOSDAQ,0.00022099735825337587,1,2022-09-09
A104200,NHN벅스,KOSDAQ,0.00021789702754231523,1,2022-09-09
A123010,아이윈플러스,KOSDAQ,0.00021742017686874186,1,2022-09-09
A105550,트루윈,KOSDAQ,0.00021388191865085644,1,2022-09-09
A105740,디케이락,KOSDAQ,0.00021079079605155907,1,2022-09-09
A098120,마이크로컨텍솔,KOSDAQ,0.00019692306060176636,1,2022-09-09
A323230,엠에프엠코리아,KOSDAQ,0.00019612813464326006,1,2022-09-09
A311690,CJ 바이오사이언스,KOSDAQ,0.00019590639388814875,1,2022-09-09
A035900,JYP Ent.,KOSDAQ,0.00019418351634957736,1,2022-09-09
A052300,초록뱀컴퍼니,KOSDAQ,0.0001910596380407987,1,2022-09-09
A045060,오공,KOSDAQ,0.00018707192129814048,1,2022-09-09
A109740,디에스케이,KOSDAQ,0.00018404706920958412,1,2022-09-09
A189860,서전기전,KOSDAQ,0.00018307770992494627,1,2022-09-09
A036710,심텍홀딩스,KOSDAQ,0.000180692852659192,1,2022-09-09
A217330,싸이토젠,KOSDAQ,0.00017828392310757232,1,2022-09-09
A278280,천보,KOSDAQ,0.00017639244166536123,1,2022-09-09
A244460,올리패스,KOSDAQ,0.00017604785061816347,1,2022-09-09
A237820,플레이디,KOSDAQ,0.00017525773348219556,1,2022-09-09
A147760,마이크로프랜드,KOSDAQ,0.0001749217415134736,1,2022-09-09
A034950,한국기업평가,KOSDAQ,0.00016958178767454741,1,2022-09-09
A246720,아스타,KOSDAQ,0.00016744779044749282,1,2022-09-09
A237690,에스티팜,KOSDAQ,0.00016725102428137795,1,2022-09-09
A223250,드림씨아이에스,KOSDAQ,0.00016644818211436423,1,2022-09-09
A053950,경남제약,KOSDAQ,0.0001662028428198447,1,2022-09-09
A170790,파이오링크,KOSDAQ,0.00016231757670523254,1,2022-09-09
A049180,셀루메드,KOSDAQ,0.0001621695091566641,1,2022-09-09
A144510,지씨셀,KOSDAQ,0.00015898845532108408,1,2022-09-09
A290720,푸드나무,KOSDAQ,0.00015732176618782202,1,2022-09-09
A122870,와이지엔터테인먼트,KOSDAQ,0.000155454441485603,1,2022-09-09
A086520,에코프로,KOSDAQ,0.00015194660721032623,1,2022-09-09
A089890,코세스,KOSDAQ,0.00014831218174850687,1,2022-09-09
A109080,옵티시스,KOSDAQ,0.0001481027005001249,1,2022-09-09
A291650,압타머사이언스,KOSDAQ,0.00014775267665661135,1,2022-09-09
A023440,제이스코홀딩스,KOSDAQ,0.0001449667848553743,1,2022-09-09
A241710,코스메카코리아,KOSDAQ,0.00014486270812188803,1,2022-09-09
A039860,나노엔텍,KOSDAQ,0.00014339106421454992,1,2022-09-09
A011040,경동제약,KOSDAQ,0.00014323921423612472,1,2022-09-09
A108320,LX세미콘,KOSDAQ,0.00014256131891273238,1,2022-09-09
A039240,경남스틸,KOSDAQ,0.00014131754484494609,1,2022-09-09
A242040,나무기술,KOSDAQ,0.00014128818812003015,1,2022-09-09
A032300,한국파마,KOSDAQ,0.0001391592673884572,1,2022-09-09
A140410,메지온,KOSDAQ,0.00013859009108483622,1,2022-09-09
A038530,골드퍼시픽,KOSDAQ,0.00013571804367125978,1,2022-09-09
A053800,안랩,KOSDAQ,0.00013353808417339337,1,2022-09-09
A121440,골프존뉴딘홀딩스,KOSDAQ,0.00013234012276200848,1,2022-09-09
A217620,디딤,KOSDAQ,0.00013115865651610494,1,2022-09-09
A263700,케어랩스,KOSDAQ,0.00013081595994443425,1,2022-09-09
A196450,코아시아옵틱스,KOSDAQ,0.0001307864575346617,1,2022-09-09
A052710,아모텍,KOSDAQ,0.0001296070977255672,1,2022-09-09
A123840,한일진공,KOSDAQ,0.0001247828362895054,1,2022-09-09
A067160,아프리카TV,KOSDAQ,0.00012460343445815306,1,2022-09-09
A013120,동원개발,KOSDAQ,0.00012442099722309428,1,2022-09-09
A071850,캐스텍코리아,KOSDAQ,0.00011849269946079953,1,2022-09-09
A383310,에코프로에이치엔,KOSDAQ,0.0001176749909724214,1,2022-09-09
A175250,아이큐어,KOSDAQ,0.00011585641426519048,1,2022-09-09
A293490,카카오게임즈,KOSDAQ,0.0001138423959478333,1,2022-09-09
A025900,동화기업,KOSDAQ,0.00011200273793608773,1,2022-09-09
A064260,다날,KOSDAQ,0.00011121234082051498,1,2022-09-09
A290670,대보마그네틱,KOSDAQ,0.00011095463209752488,1,2022-09-09
A064850,에프앤가이드,KOSDAQ,0.00010897550878394873,1,2022-09-09
A294570,쿠콘,KOSDAQ,0.00010853578209580002,1,2022-09-09
A260660,알리코제약,KOSDAQ,0.00010779417339877496,1,2022-09-09
A214150,클래시스,KOSDAQ,0.00010708785303714427,1,2022-09-09
A253840,수젠텍,KOSDAQ,0.00010695336320651493,1,2022-09-09
A357230,에이치피오,KOSDAQ,0.00010644578537120537,1,2022-09-09
A301300,바이브컴퍼니,KOSDAQ,0.00010495300287011992,1,2022-09-09
A332570,와이팜,KOSDAQ,0.00010354178061818583,1,2022-09-09
A239610,에이치엘사이언스,KOSDAQ,0.00010216219257846643,1,2022-09-09
A149950,아바텍,KOSDAQ,0.00010180612518869381,1,2022-09-09
A018700,바른손,KOSDAQ,0.00010145078986748847,1,2022-09-09
